Date,BET
03-01-05,18935.18
04-01-05,18452.75
05-01-05,19048.66
06-01-05,19101.17
07-01-05,19182.2
10-01-05,20036.88
11-01-05,20328.03
12-01-05,19479.67
13-01-05,19823.91
14-01-05,19779.16
17-01-05,19828.17
18-01-05,20272.21
19-01-05,21142.65
20-01-05,20903.17
21-01-05,21473.04
24-01-05,22746.47
25-01-05,22831.54
26-01-05,22213.15
27-01-05,22825.6
28-01-05,23016.78
31-01-05,23420.64
01-02-05,24217.66
02-02-05,25645.02
03-02-05,27156.95
04-02-05,26794.72
07-02-05,26687.49
08-02-05,26687.49
09-02-05,25611.3
10-02-05,28014.33
11-02-05,28014.33
14-02-05,31044.58
15-02-05,30206.96
16-02-05,31041.8
17-02-05,31399.08
18-02-05,31439.28
21-02-05,30860.99
22-02-05,31658.39
23-02-05,32392.22
24-02-05,33155.81
25-02-05,32593.65
28-02-05,31838.73
01-03-05,31914.38
02-03-05,31931.23
03-03-05,30699.11
04-03-05,30306.26
07-03-05,29717.97
08-03-05,27512.14
09-03-05,
10-03-05,
11-03-05,
14-03-05,27771.36
15-03-05,26441.4
16-03-05,25964.51
17-03-05,24321.32
18-03-05,24420.14
21-03-05,24896.91
22-03-05,24381.4
23-03-05,24295.35
24-03-05,24346.05
25-03-05,23542.24
28-03-05,20807.28
29-03-05,21120.96
30-03-05,22133.66
31-03-05,22075.95
01-04-05,23256.35
04-04-05,23986.31
05-04-05,23767.2
06-04-05,23073.46
07-04-05,22950.47
08-04-05,23060.38
11-04-05,23659.96
12-04-05,23996.4
13-04-05,25639.49
14-04-05,24612.68
15-04-05,24434.08
18-04-05,24116.77
19-04-05,24081.11
20-04-05,22853.57
21-04-05,22970.67
22-04-05,
25-04-05,
26-04-05,
27-04-05,22498.44
28-04-05,23456.5
29-04-05,23854.12
03-05-05,24560.82
04-05-05,24829.6
05-05-05,24437.72
06-05-05,24035.95
09-05-05,24137.04
10-05-05,24191.72
11-05-05,23785.78
12-05-05,23308.57
13-05-05,23388.57
16-05-05,23881.42
17-05-05,24089.22
18-05-05,25192.82
19-05-05,26363.17
20-05-05,27053.34
23-05-05,25454.92
24-05-05,25073.63
25-05-05,25107.8
26-05-05,24401.1
27-05-05,23961.41
30-05-05,23263.03
31-05-05,23696.88
01-06-05,24552.57
02-06-05,24520.88
03-06-05,24259.69
06-06-05,23902.39
07-06-05,24079.34
08-06-05,24077.17
09-06-05,24231.13
10-06-05,24748.65
13-06-05,24615.68
14-06-05,24767.15
15-06-05,25126.74
16-06-05,25183.58
17-06-05,24996.76
20-06-05,24919.14
21-06-05,24876.86
22-06-05,24807.46
23-06-05,25026.48
24-06-05,25360.8
04-07-05,25248.8
05-07-05,25099.61
06-07-05,25046.74
07-07-05,24406.84
08-07-05,23956.56
11-07-05,24011.71
12-07-05,24838.31
13-07-05,24089.53
14-07-05,24846.53
15-07-05,25812.05
18-07-05,27036.06
19-07-05,27435.12
20-07-05,28259.55
21-07-05,27947.67
22-07-05,27768.75
25-07-05,27621.73
26-07-05,27072.96
27-07-05,27602.92
28-07-05,27449.68
29-07-05,29659.99
01-08-05,30496.76
02-08-05,31115.57
03-08-05,
04-08-05,34450.25
05-08-05,32628.97
08-08-05,33282.6
09-08-05,32963.32
10-08-05,32787.3
11-08-05,32671.33
12-08-05,32772.41
15-08-05,32974.7
16-08-05,33176.56
17-08-05,32814.8
18-08-05,32676.2
19-08-05,32243.24
22-08-05,31542.68
23-08-05,31404.08
24-08-05,31363.77
25-08-05,30726.67
26-08-05,30171.75
29-08-05,29174.98
30-08-05,29993.36
31-08-05,30096.73
01-09-05,31070.87
02-09-05,31646.88
05-09-05,30910.98
06-09-05,31068.39
07-09-05,31270.25
08-09-05,32248.32
09-09-05,32904.52
12-09-05,33339.24
13-09-05,33576.76
14-09-05,34054.17
15-09-05,33479.73
16-09-05,33320.15
19-09-05,33677.77
20-09-05,34098.33
21-09-05,33539.06
22-09-05,33854.52
23-09-05,34517.57
26-09-05,35193.13
27-09-05,34637.9
28-09-05,34356.14
29-09-05,33920.7
30-09-05,34322.36
03-10-05,34125.16
04-10-05,34285.05
05-10-05,34741.99
06-10-05,35758.52
07-10-05,35140.03
10-10-05,35438.64
11-10-05,35735.48
12-10-05,36250.51
13-10-05,35859.72
14-10-05,35681.01
17-10-05,36755.83
18-10-05,38633.02
19-10-05,37692.34
20-10-05,38294.61
21-10-05,38130.26
24-10-05,39325.39
25-10-05,39941.91
26-10-05,39921.13
27-10-05,39465.02
28-10-05,38458.22
31-10-05,37799.42
01-11-05,36543.09
02-11-05,38570.47
03-11-05,37815.64
04-11-05,38229.59
07-11-05,37890.78
08-11-05,38274.15
09-11-05,38488.2
10-11-05,38850.58
11-11-05,39290.68
14-11-05,39311.66
15-11-05,39476.01
16-11-05,39433.62
17-11-05,39529.94
18-11-05,40228.42
21-11-05,41543.13
22-11-05,42957.16
23-11-05,42683.9
24-11-05,43255.66
25-11-05,44367.99
28-11-05,46350.9
29-11-05,45828.93
30-11-05,45576.65
05-12-05,45317.52
06-12-05,44821.39
07-12-05,45374.65
08-12-05,45849.89
09-12-05,45774.75
12-12-05,45397.8
13-12-05,45858.79
14-12-05,44958.63
15-12-05,45175.37
16-12-05,45394.19
19-12-05,45041.13
20-12-05,46055.06
21-12-05,46360.27
22-12-05,47346.38
23-12-05,47588.76
03-01-06,50546.56
04-01-06,52699.91
05-01-06,52157.39
06-01-06,52079.88
09-01-06,53782.41
10-01-06,53660.45
11-01-06,53540.66
12-01-06,53895.91
13-01-06,52938.61
16-01-06,54055.71
17-01-06,52795.76
18-01-06,50321.49
19-01-06,51930.25
20-01-06,52045.59
23-01-06,50371.18
24-01-06,50758.68
25-01-06,51248.59
26-01-06,52694.58
27-01-06,52858.93
30-01-06,53548.94
31-01-06,54052.3
01-02-06,54809.81
02-02-06,54066.97
03-02-06,54026.86
06-02-06,54742.41
07-02-06,54904.06
08-02-06,54145.42
09-02-06,53173.76
10-02-06,53555.04
13-02-06,53145.14
14-02-06,51240.24
15-02-06,50777.2
16-02-06,51729.44
17-02-06,51575.96
20-02-06,50911.79
21-02-06,49395.65
22-02-06,49833.06
23-02-06,49539.11
24-02-06,48911.61
27-02-06,48953.77
28-02-06,49315.32
01-03-06,50870.03
02-03-06,
03-03-06,49454.95
06-03-06,48739.51
07-03-06,48821.58
08-03-06,47550.14
09-03-06,46298.89
10-03-06,45461.59
13-03-06,46438.04
14-03-06,44663.32
15-03-06,46887.12
16-03-06,48411.97
17-03-06,48100.96
20-03-06,49156.38
21-03-06,48878.86
22-03-06,49052.92
23-03-06,48935.42
24-03-06,48838.79
27-03-06,48961.18
28-03-06,44560.1
29-03-06,45099.11
30-03-06,45556.88
31-03-06,46123.29
03-04-06,46268.82
04-04-06,46221.46
05-04-06,46126.9
06-04-06,44913.59
07-04-06,45293.95
10-04-06,46085.25
11-04-06,46409.68
12-04-06,46277.5
13-04-06,46174.65
14-04-06,46038.02
17-04-06,46521.84
18-04-06,46479.68
19-04-06,46180.87
20-04-06,46145.53
21-04-06,46387.5
25-04-06,47510.18
26-04-06,47103.46
27-04-06,47178.92
28-04-06,
02-05-06,
03-05-06,
04-05-06,46655.11
05-05-06,47402.2
08-05-06,48086.34
09-05-06,47463.38
10-05-06,47563.24
11-05-06,47459.47
12-05-06,46830.43
15-05-06,46311.26
16-05-06,44820.03
17-05-06,44004.65
18-05-06,43569.43
19-05-06,42687.3
22-05-06,41439.8
23-05-06,38512.9
24-05-06,38795.27
25-05-06,39549.99
26-05-06,40986.16
29-05-06,41505.95
30-05-06,40529.84
31-05-06,40656.88
01-06-06,40348.97
02-06-06,40329.95
05-06-06,39646.01
06-06-06,39486.12
07-06-06,38813.36
08-06-06,37329.63
09-06-06,36709.15
12-06-06,34693.63
13-06-06,36069.63
14-06-06,35353.88
15-06-06,35555.34
16-06-06,36220.87
19-06-06,37390.56
20-06-06,35342.22
21-06-06,35280.5
22-06-06,35264.28
23-06-06,34532.51
26-06-06,33733.03
27-06-06,33314.12
28-06-06,34327.31
29-06-06,35220.62
30-06-06,36941.64
03-07-06,38990.48
04-07-06,40610.62
05-07-06,39718.75
06-07-06,40295.39
07-07-06,41932.17
10-07-06,41892.49
11-07-06,42019.52
12-07-06,43120.4
13-07-06,41422.73
14-07-06,40206.56
17-07-06,40712.75
18-07-06,41514.82
19-07-06,40435.66
20-07-06,41096.11
21-07-06,41277.19
24-07-06,40898.59
25-07-06,40802.15
26-07-06,40585.41
27-07-06,41700.54
28-07-06,41978.05
31-07-06,42546.63
01-08-06,44120.46
02-08-06,43560.78
03-08-06,44431.26
04-08-06,43695.04
07-08-06,43677.99
08-08-06,44195.82
09-08-06,44261.97
10-08-06,44518.5
11-08-06,44379.9
14-08-06,44483.47
15-08-06,44168.02
16-08-06,44466.42
17-08-06,44788.49
18-08-06,45233.15
21-08-06,45557.51
22-08-06,44999.8
23-08-06,44703.47
24-08-06,44348.13
25-08-06,44643.94
28-08-06,45103.16
29-08-06,45841.45
30-08-06,46513.89
31-08-06,46274.21
01-09-06,46391.62
04-09-06,47010.34
05-09-06,47123.62
06-09-06,46822.53
07-09-06,46725.69
08-09-06,46988.64
11-09-06,46528.49
12-09-06,46427.2
13-09-06,45907.72
14-09-06,45585.13
15-09-06,45648.71
18-09-06,46029.79
19-09-06,46770.35
20-09-06,47139.65
21-09-06,46973.45
22-09-06,48191.32
25-09-06,49936.7
26-09-06,49137.22
27-09-06,49532.44
28-09-06,50209.13
29-09-06,50371.82
02-10-06,51870.7
03-10-06,52245.06
04-10-06,53857.24
05-10-06,54078
06-10-06,54200.47
09-10-06,53920.99
10-10-06,53259.91
11-10-06,52220.54
12-10-06,52643.91
13-10-06,53796.76
16-10-06,55485.73
17-10-06,56081.58
18-10-06,56060.91
19-10-06,56483.87
20-10-06,57206.24
23-10-06,55571.11
24-10-06,55491.75
25-10-06,57681.79
26-10-06,58022.78
27-10-06,57223.41
30-10-06,56099.17
31-10-06,56730.48
01-11-06,60181.19
02-11-06,60826.27
03-11-06,61397.92
06-11-06,63531.5
07-11-06,61834.55
08-11-06,57616.22
09-11-06,60551.47
10-11-06,61188.25
13-11-06,60074.14
14-11-06,60040.11
15-11-06,60914.52
16-11-06,59413.83
17-11-06,59751.92
20-11-06,63603.97
21-11-06,63135.58
22-11-06,63483.69
23-11-06,62614.66
24-11-06,62078.85
27-11-06,62655.28
28-11-06,60764.45
29-11-06,59651.58
30-11-06,60065.84
04-12-06,56909.9
05-12-06,57090.26
06-12-06,58628.64
07-12-06,58546.05
08-12-06,57984.29
11-12-06,57956.89
12-12-06,57918.86
13-12-06,58612.91
14-12-06,61282.86
15-12-06,61111.72
18-12-06,61625.92
19-12-06,63011.74
03-01-07,68440.09
04-01-07,66589.8
05-01-07,67244.99
08-01-07,65775.98
09-01-07,64653.41
10-01-07,63168.89
11-01-07,64900.11
12-01-07,64222.93
15-01-07,63046.3
16-01-07,62612.53
17-01-07,62163.94
18-01-07,60967.05
19-01-07,61230.09
22-01-07,63642.56
23-01-07,63584.36
24-01-07,64329.48
25-01-07,64207.5
26-01-07,64884.28
29-01-07,64709.05
30-01-07,64626.89
31-01-07,63855.44
01-02-07,64534.93
02-02-07,65277.05
05-02-07,65658.54
06-02-07,65038.07
07-02-07,64978.53
08-02-07,65018.53
09-02-07,64696.46
12-02-07,64075.69
13-02-07,62751.36
14-02-07,62774.3
15-02-07,63448.91
16-02-07,63152.68
19-02-07,61687.05
20-02-07,62067.3
21-02-07,63098.49
22-02-07,63103.37
23-02-07,63849
26-02-07,63485.5
27-02-07,61453.08
28-02-07,59753.57
01-03-07,59855.69
02-03-07,57916.81
05-03-07,53989.44
06-03-07,55165.86
07-03-07,56047.29
08-03-07,56379.71
09-03-07,56896.93
12-03-07,57701.35
13-03-07,57006.47
14-03-07,55291.85
15-03-07,56138.69
16-03-07,54812.08
19-03-07,55358.45
20-03-07,55275.15
21-03-07,55161.15
22-03-07,57619.63
23-03-07,59493.7
26-03-07,57644.43
27-03-07,58287.71
28-03-07,59486.36
29-03-07,59522.13
30-03-07,59230.77
02-04-07,58095.38
03-04-07,58100.15
04-04-07,58924.65
05-04-07,59759.78
06-04-07,60160.41
10-04-07,61598.54
11-04-07,63663.96
12-04-07,63134.16
13-04-07,63390.17
16-04-07,64124.1
17-04-07,65788.59
18-04-07,64200.98
19-04-07,63414.63
20-04-07,64360.16
23-04-07,66395.27
24-04-07,65368.31
25-04-07,65855.94
26-04-07,65792.17
27-04-07,
02-05-07,67622.66
03-05-07,70500.55
04-05-07,71735.59
07-05-07,71663.01
08-05-07,69869.43
09-05-07,69151.39
10-05-07,69470.35
11-05-07,68270.24
14-05-07,68364.12
15-05-07,67720.64
16-05-07,68890.64
17-05-07,69987.42
18-05-07,70979.46
21-05-07,71387.32
22-05-07,71999.58
23-05-07,72948.04
24-05-07,72075.49
25-05-07,70955.49
28-05-07,71154.94
29-05-07,71103.92
30-05-07,70266.96
31-05-07,71498.94
01-06-07,71973.48
04-06-07,73409.76
05-06-07,73725.92
06-06-07,72953.03
07-06-07,73037.61
08-06-07,71902.76
11-06-07,72062.93
12-06-07,71906.09
13-06-07,70665.65
14-06-07,72307.65
15-06-07,72753.37
18-06-07,74636.22
19-06-07,73497.1
20-06-07,74232.39
21-06-07,78512.09
22-06-07,80742.76
25-06-07,82938.43
26-06-07,83928.46
27-06-07,81862.92
28-06-07,84650.92
29-06-07,87432.87
02-07-07,88102.78
03-07-07,88127.4
04-07-07,87033.82
05-07-07,87287.56
06-07-07,87482.6
09-07-07,88548.88
10-07-07,89650.84
11-07-07,88155.94
12-07-07,87745.05
13-07-07,89407.44
16-07-07,92316
17-07-07,90668.34
18-07-07,91445.88
19-07-07,91900.24
20-07-07,93151.32
23-07-07,93710.45
24-07-07,95111.01
25-07-07,91099.42
26-07-07,88633.35
27-07-07,86076.44
30-07-07,83010.52
31-07-07,86358.09
01-08-07,84547.69
02-08-07,84810.39
03-08-07,83815.56
06-08-07,82569.02
07-08-07,84084.44
08-08-07,86473.28
09-08-07,84860.61
10-08-07,82211.47
13-08-07,82257.22
14-08-07,81187.26
15-08-07,78149.05
16-08-07,75191.33
17-08-07,74803.71
20-08-07,78480.72
21-08-07,76946.21
22-08-07,78810.21
23-08-07,83176.32
24-08-07,82600.02
27-08-07,85641.81
28-08-07,85458.02
29-08-07,84602.66
30-08-07,83960.35
31-08-07,84510.83
03-09-07,85066.48
04-09-07,84304.29
05-09-07,83352.71
06-09-07,82036.35
07-09-07,81458.3
10-09-07,79789.59
11-09-07,79893.9
12-09-07,79696.82
13-09-07,81149.25
14-09-07,81048.79
17-09-07,80512.97
18-09-07,80196.25
19-09-07,81875.54
20-09-07,81196.6
21-09-07,80176.73
24-09-07,79352.91
25-09-07,77295.54
26-09-07,76588.57
27-09-07,75794.87
28-09-07,77883.22
01-10-07,79881.63
02-10-07,82552.05
03-10-07,82551.53
04-10-07,82891.93
05-10-07,84156.12
08-10-07,86332.2
09-10-07,85085.67
10-10-07,83745.22
11-10-07,82870.45
12-10-07,83428.88
15-10-07,84104.91
16-10-07,82796.93
17-10-07,83776.11
18-10-07,83278.58
19-10-07,81740.24
22-10-07,79789.14
23-10-07,81404.25
24-10-07,79910.13
25-10-07,79640
26-10-07,79573.03
29-10-07,79455.36
30-10-07,80281.47
31-10-07,80216.19
01-11-07,78669.52
02-11-07,78724.01
05-11-07,77644.17
06-11-07,76020.5
07-11-07,74415.11
08-11-07,73258.37
09-11-07,73281
12-11-07,71092.15
13-11-07,71360.23
14-11-07,72275.57
15-11-07,71980
16-11-07,71509.76
19-11-07,70820.46
20-11-07,69020.98
21-11-07,66739.76
22-11-07,65649.73
23-11-07,66861.08
26-11-07,69213.4
27-11-07,68142.29
28-11-07,68541.01
29-11-07,69121.55
30-11-07,70921.03
03-12-07,71908.62
04-12-07,72125.09
05-12-07,75383.4
06-12-07,79170.6
07-12-07,78631.35
10-12-07,79798.18
11-12-07,81253.63
12-12-07,80408.21
13-12-07,79198.84
14-12-07,80317.76
17-12-07,79796.15
18-12-07,80391.64
19-12-07,80092.12
20-12-07,77467.9
21-12-07,78669.68
03-01-08,76616.79
04-01-08,77056.19
07-01-08,74257.62
08-01-08,73369.87
09-01-08,70561.83
10-01-08,69725.47
11-01-08,68334.3
14-01-08,65738.5
15-01-08,67225.08
16-01-08,63738.31
17-01-08,65510.4
18-01-08,65170.81
21-01-08,61902.5
22-01-08,60383.34
23-01-08,58426.75
24-01-08,61468.92
25-01-08,65330.12
28-01-08,63070.79
29-01-08,63628.82
30-01-08,63848.43
31-01-08,61022.23
01-02-08,62264.3
04-02-08,63118.94
05-02-08,62257.34
06-02-08,60584.66
07-02-08,61983.14
08-02-08,61060.28
11-02-08,59396.65
12-02-08,58736.6
13-02-08,58170.56
14-02-08,58835.68
15-02-08,57632.54
18-02-08,56551.14
19-02-08,55723.58
20-02-08,55618.01
21-02-08,57560.38
22-02-08,58099.52
25-02-08,61650.3
26-02-08,64543.65
27-02-08,63112.87
28-02-08,62464.05
29-02-08,60544.52
03-03-08,58707.78
04-03-08,59592.1
05-03-08,60420.69
06-03-08,61016.18
07-03-08,59425.18
10-03-08,59359.31
11-03-08,59051.06
12-03-08,59632.97
13-03-08,58126.79
14-03-08,57528.28
17-03-08,56269.61
18-03-08,56517.42
19-03-08,54617.3
20-03-08,52375.41
21-03-08,52660.71
24-03-08,53363.21
25-03-08,54186.92
26-03-08,52872.83
27-03-08,52978.59
28-03-08,53779.78
31-03-08,52715.06
01-04-08,53540.65
02-04-08,53883.23
03-04-08,53767.42
04-04-08,54875.15
07-04-08,56672.95
08-04-08,55416.46
09-04-08,54374.08
10-04-08,52976.44
11-04-08,52394.74
14-04-08,50455.37
15-04-08,50576.08
16-04-08,50265.69
17-04-08,51405.51
18-04-08,51604.36
21-04-08,51585.9
22-04-08,50486.65
23-04-08,50646.48
24-04-08,50646.48
25-04-08,51125.96
29-04-08,52822.93
30-04-08,52494.46
05-05-08,54316.24
06-05-08,53840.19
07-05-08,53943.15
08-05-08,52647.51
09-05-08,50829.44
12-05-08,49629.04
13-05-08,48542.69
14-05-08,50592.4
15-05-08,53271.42
16-05-08,54149.5
19-05-08,54275.49
20-05-08,53553.17
21-05-08,53222.71
22-05-08,52224.35
23-05-08,51874
26-05-08,53128.61
27-05-08,54795.46
28-05-08,54451
29-05-08,56030.14
30-05-08,56007.51
02-06-08,55884.1
03-06-08,55992.25
04-06-08,55033.93
05-06-08,54649.42
06-06-08,55074.31
09-06-08,53654.07
10-06-08,52311.13
11-06-08,52523.39
12-06-08,52336.58
13-06-08,52753.47
16-06-08,53034.93
17-06-08,55155.94
18-06-08,53292.63
19-06-08,52111.79
20-06-08,51330.74
23-06-08,50528.21
24-06-08,49197.75
25-06-08,48702.31
26-06-08,46824.18
27-06-08,47569.95
30-06-08,46270.19
01-07-08,44767.62
02-07-08,43681.1
03-07-08,42293.44
04-07-08,41423.95
07-07-08,41526.8
08-07-08,41037.98
09-07-08,42340.44
10-07-08,41301.28
11-07-08,40198.08
14-07-08,40449.85
15-07-08,38149.62
16-07-08,36655.77
17-07-08,37961.25
18-07-08,37089.81
21-07-08,37361.91
22-07-08,35938.71
23-07-08,36165.56
24-07-08,36038.41
25-07-08,34983.24
28-07-08,34265.59
29-07-08,34744.75
30-07-08,35613.32
31-07-08,34582.03
01-08-08,34695.26
04-08-08,34513.84
05-08-08,35449.12
06-08-08,35270.4
07-08-08,35946.32
08-08-08,35852.3
11-08-08,36110.09
12-08-08,35330.46
13-08-08,34853.89
14-08-08,33881.04
15-08-08,34294.6
18-08-08,33463.41
19-08-08,32207.41
20-08-08,32212.06
21-08-08,31378.81
22-08-08,32018.2
25-08-08,31230.39
26-08-08,31270.87
27-08-08,31450.63
28-08-08,31602.97
29-08-08,31538
01-09-08,32942.6
02-09-08,35737.26
03-09-08,34778.1
04-09-08,34237.28
05-09-08,32119.94
08-09-08,34292.64
09-09-08,34018.34
10-09-08,33414.52
11-09-08,32170.59
12-09-08,31828.1
15-09-08,30191.29
16-09-08,27481.61
17-09-08,26555.46
18-09-08,24526.83
19-09-08,28089.66
22-09-08,28700.05
23-09-08,27941
24-09-08,27928.28
25-09-08,27499.62
26-09-08,26984.69
29-09-08,26887.66
30-09-08,25392
01-10-08,26272.97
02-10-08,27293.74
03-10-08,27513.75
06-10-08,24625.03
07-10-08,22592.73
08-10-08,19284.43
09-10-08,17851.52
10-10-08,15200.57
13-10-08,16857.42
14-10-08,19322.7
15-10-08,17544.46
16-10-08,17467.26
17-10-08,16353.02
20-10-08,16163.77
21-10-08,15771.32
22-10-08,13638.86
23-10-08,12733.21
24-10-08,11100.85
27-10-08,10012.26
28-10-08,10754.8
29-10-08,10941.96
30-10-08,11114.8
31-10-08,11059.04
03-11-08,11517.86
04-11-08,13134.63
05-11-08,13094
06-11-08,13279.14
07-11-08,14219.15
10-11-08,16245.7
11-11-08,15320.22
12-11-08,15041.71
13-11-08,14112.71
14-11-08,14496.79
17-11-08,14231.79
18-11-08,14754.23
19-11-08,14236.31
20-11-08,13271.34
21-11-08,13576.87
24-11-08,14027.7
25-11-08,14887.68
26-11-08,14607.41
27-11-08,14727.02
28-11-08,14651.62
02-12-08,14614.45
03-12-08,14643.2
04-12-08,14744.08
05-12-08,14493.29
08-12-08,14800.95
09-12-08,14708.69
10-12-08,14431.8
11-12-08,13948.49
12-12-08,13325.28
15-12-08,12961.37
16-12-08,12716.24
17-12-08,12076.12
18-12-08,12437.38
19-12-08,12456.79
22-12-08,12492.54
23-12-08,12549.53
05-01-09,13029.26
06-01-09,13938.54
07-01-09,13491.87
08-01-09,13343.66
09-01-09,13727.39
12-01-09,14140.07
13-01-09,13991.04
14-01-09,13629.88
15-01-09,13758.15
16-01-09,13968.31
19-01-09,13570.36
20-01-09,12472.76
21-01-09,12111.1
22-01-09,11765.71
23-01-09,10780.46
26-01-09,10884.91
27-01-09,10837.88
28-01-09,10435.76
29-01-09,10463.29
30-01-09,9707.83
02-02-09,9610.43
03-02-09,9708.01
04-02-09,9363.66
05-02-09,9373.36
06-02-09,9641.8
09-02-09,9827.32
10-02-09,9957.12
11-02-09,10431.57
12-02-09,10462.26
13-02-09,9813.93
16-02-09,9210.78
17-02-09,8428.09
18-02-09,8651.18
19-02-09,8971.05
20-02-09,8260.95
23-02-09,8350.36
24-02-09,7861.5
25-02-09,8034.74
26-02-09,8305.11
27-02-09,8160.85
02-03-09,8076.62
03-03-09,8473.66
04-03-09,8923.78
05-03-09,8657.16
06-03-09,8959.18
09-03-09,8617.22
10-03-09,9186.96
11-03-09,9226.96
12-03-09,9278.66
13-03-09,9677.8
16-03-09,9707.17
17-03-09,9815.2
18-03-09,9675.44
19-03-09,10003.44
20-03-09,10090.22
23-03-09,10785.56
24-03-09,11098.51
25-03-09,11121.92
26-03-09,11471.71
27-03-09,10912.46
30-03-09,10281.43
31-03-09,10784.29
01-04-09,11036.99
02-04-09,11743.87
03-04-09,12182.59
06-04-09,13068
07-04-09,12562.51
08-04-09,13353.59
09-04-09,15326.32
10-04-09,16010.38
13-04-09,15913.29
14-04-09,15115.68
15-04-09,14819.03
16-04-09,17016.23
17-04-09,16088.99
21-04-09,14466.53
22-04-09,15606.98
23-04-09,15853.61
24-04-09,
27-04-09,
28-04-09,16536.32
29-04-09,17631.1
30-04-09,18524.97
04-05-09,18008.67
05-05-09,17974.38
06-05-09,18519.91
07-05-09,19402.11
08-05-09,19318.19
11-05-09,18617.2
12-05-09,17626.62
13-05-09,16499.61
14-05-09,15045.59
15-05-09,15124.79
18-05-09,15990.18
19-05-09,16696.77
20-05-09,16532.9
21-05-09,15612.35
22-05-09,15788.37
25-05-09,15505.77
26-05-09,14956.77
27-05-09,15534.78
28-05-09,15817.85
29-05-09,16109.43
01-06-09,17252.17
02-06-09,17109.88
03-06-09,16936.19
04-06-09,17010.61
05-06-09,17745.38
09-06-09,17380.28
10-06-09,18306.62
11-06-09,18208.69
12-06-09,18215.28
15-06-09,17679.92
16-06-09,16994.19
17-06-09,15837.29
18-06-09,15953.16
19-06-09,16272.13
22-06-09,15707.51
23-06-09,15671.71
24-06-09,17419.44
25-06-09,16050.3
26-06-09,16540.5
29-06-09,16451.82
30-06-09,16656.32
01-07-09,16429.92
02-07-09,16174.31
03-07-09,16568.16
06-07-09,16189.36
07-07-09,16086.56
08-07-09,15759.23
09-07-09,16005.55
10-07-09,15649.33
13-07-09,15635.21
14-07-09,15674.96
15-07-09,15994.5
16-07-09,16284.62
17-07-09,16266.14
20-07-09,16810.06
21-07-09,17703.51
22-07-09,17581.57
23-07-09,17719.75
24-07-09,17826.29
27-07-09,17710.73
28-07-09,17121.98
29-07-09,17299.09
30-07-09,18186.73
31-07-09,18583.22
03-08-09,19469.15
04-08-09,19179.03
05-08-09,19571.02
06-08-09,20686.53
07-08-09,21432.52
10-08-09,20827.48
11-08-09,20938.02
12-08-09,20890.59
13-08-09,21530.08
14-08-09,21333.84
17-08-09,20391.71
18-08-09,20369.34
19-08-09,19659.63
20-08-09,20189.7
21-08-09,20811.82
24-08-09,21814.87
25-08-09,22015.58
26-08-09,21761.68
27-08-09,21940.8
28-08-09,22379.69
31-08-09,21494.95
01-09-09,21135.97
02-09-09,20385.42
03-09-09,20828.78
04-09-09,21422.55
07-09-09,22442.72
08-09-09,23442.56
09-09-09,24130.36
10-09-09,23699.51
11-09-09,23948.84
14-09-09,23761.26
15-09-09,24987.79
16-09-09,24457.93
17-09-09,24439.04
18-09-09,24867.6
21-09-09,24369.35
22-09-09,25742.12
23-09-09,25731.8
24-09-09,25890.37
25-09-09,25436.16
28-09-09,25208.42
29-09-09,25168.67
30-09-09,25278.2
01-10-09,24574.57
02-10-09,22852.94
05-10-09,23163.72
06-10-09,24274.44
07-10-09,23136.28
08-10-09,23286.4
09-10-09,23422.96
12-10-09,23098.39
13-10-09,23353.68
14-10-09,24293.22
15-10-09,23921.53
16-10-09,23182.29
19-10-09,23481.92
20-10-09,23627.73
21-10-09,23357.22
22-10-09,23114.47
23-10-09,23372.05
26-10-09,22841.98
27-10-09,21993.1
28-10-09,20673.73
29-10-09,21417.63
30-10-09,21264.81
02-11-09,20670.05
03-11-09,20069.72
04-11-09,20282.06
05-11-09,21063.75
06-11-09,20032.27
09-11-09,20555.38
10-11-09,20577.43
11-11-09,21647.21
12-11-09,23144.14
13-11-09,23127.54
16-11-09,22907.74
17-11-09,22517.16
18-11-09,22487.63
19-11-09,22597.27
20-11-09,22825.12
23-11-09,23735.54
24-11-09,23959.61
25-11-09,24250.98
26-11-09,23252.51
27-11-09,23362.15
30-11-09,23700.17
02-12-09,24340.08
03-12-09,25111.33
04-12-09,25618.03
07-12-09,24186.41
08-12-09,23886.17
09-12-09,23529.27
10-12-09,23746.69
11-12-09,23243.97
14-12-09,23478.99
15-12-09,24167.52
16-12-09,24769.24
17-12-09,24169.49
18-12-09,24228.34
21-12-09,24078.42
22-12-09,23700.04
23-12-09,23941.34
24-12-09,23885.96
04-01-10,24447.73
05-01-10,24952.94
06-01-10,24885.64
07-01-10,25147.89
08-01-10,25335.99
11-01-10,26006.99
12-01-10,25717.7
13-01-10,26520.45
14-01-10,26798.89
15-01-10,27434.6
18-01-10,27743.29
19-01-10,27418
20-01-10,27945.57
21-01-10,27694.27
22-01-10,26704.14
25-01-10,27164.72
26-01-10,26334.94
27-01-10,26717.06
28-01-10,27806.6
29-01-10,27860
01-02-10,28981.15
02-02-10,29668.75
03-02-10,29887.51
04-02-10,29488.58
05-02-10,28232.25
08-02-10,28754.06
09-02-10,27342.78
10-02-10,28631.69
11-02-10,28373.9
12-02-10,28857.21
15-02-10,29723
16-02-10,29993.71
17-02-10,30025.73
18-02-10,29753.25
19-02-10,30274.54
22-02-10,30758.48
23-02-10,29966.68
24-02-10,30084.78
25-02-10,29432.35
26-02-10,29461.88
01-03-10,29183.44
02-03-10,28945.27
03-03-10,28974.68
04-03-10,29004
05-03-10,29699.28
08-03-10,29534.26
09-03-10,29504.53
10-03-10,29453.83
11-03-10,29453.83
12-03-10,30256.58
15-03-10,30379.46
16-03-10,31387.18
17-03-10,32082.67
18-03-10,32053.14
19-03-10,31434.5
22-03-10,31500.71
23-03-10,32250.78
24-03-10,31857.39
25-03-10,31940.32
26-03-10,31950.75
29-03-10,32252.96
30-03-10,32282.6
31-03-10,32132.89
01-04-10,33312
02-04-10,34079.26
06-04-10,32879.88
07-04-10,33167.46
08-04-10,32134.68
09-04-10,32559.46
12-04-10,32646.86
13-04-10,32309.48
14-04-10,32579.99
15-04-10,32789.36
16-04-10,32457.62
19-04-10,31644.24
20-04-10,31006.62
21-04-10,30735.71
22-04-10,29831.78
23-04-10,30881.84
26-04-10,30726.17
27-04-10,30044.01
28-04-10,29436.33
29-04-10,
30-04-10,29556.2
03-05-10,29147.84
04-05-10,27682.94
05-05-10,26841.73
06-05-10,26291.19
07-05-10,24578.23
10-05-10,27914.61
11-05-10,26834.51
12-05-10,26982.73
13-05-10,26534.84
14-05-10,25260.31
17-05-10,23265.21
18-05-10,24130.68
19-05-10,23469.09
20-05-10,22512.27
21-05-10,20917.2
25-05-10,18008.26
26-05-10,19441.02
27-05-10,20209.78
28-05-10,20313.76
31-05-10,20248.94
01-06-10,19747.98
02-06-10,20007.94
03-06-10,20903.74
04-06-10,19890.94
07-06-10,19181.65
08-06-10,18146.08
09-06-10,18981.93
10-06-10,19247.3
11-06-10,19344.43
14-06-10,20018.34
15-06-10,21191.69
16-06-10,22079.13
17-06-10,22981.49
18-06-10,22584.63
21-06-10,23577.97
22-06-10,22980.51
23-06-10,22923.64
24-06-10,22653.45
25-06-10,20520.91
28-06-10,20262.34
29-06-10,19262.3
30-06-10,19870.24
01-07-10,20116.46
02-07-10,20964.2
05-07-10,20455.98
06-07-10,20886.52
07-07-10,20425.79
08-07-10,20505.65
09-07-10,20481.21
12-07-10,19960.49
13-07-10,20622.97
14-07-10,20649.95
15-07-10,21016.56
16-07-10,20898.61
19-07-10,20735.26
20-07-10,20382.56
21-07-10,20797.22
22-07-10,20869.3
23-07-10,21358.93
26-07-10,22011.46
27-07-10,23153.47
28-07-10,22669.32
29-07-10,23053.94
30-07-10,22371.58
02-08-10,23588.38
03-08-10,23821.31
04-08-10,24093.99
05-08-10,23749.53
06-08-10,23103.66
09-08-10,23555.38
10-08-10,23041.83
11-08-10,22159.17
12-08-10,22086.99
13-08-10,22459.2
16-08-10,22839.55
17-08-10,23179.74
18-08-10,23094.63
19-08-10,22839.34
20-08-10,22646.77
23-08-10,22703.64
24-08-10,21941.57
25-08-10,21529.72
26-08-10,21650.11
27-08-10,22070.21
30-08-10,21992.27
31-08-10,21757.25
01-09-10,21810.45
02-09-10,22220.33
03-09-10,22385.35
06-09-10,22886.29
07-09-10,22491.24
08-09-10,22501.67
09-09-10,22881.82
10-09-10,22352.07
13-09-10,22498.31
14-09-10,22920.39
15-09-10,22894.54
16-09-10,23097.54
17-09-10,22977.26
20-09-10,22704.98
21-09-10,23175.99
22-09-10,23084.92
23-09-10,23051.13
24-09-10,23298.55
27-09-10,23571.03
28-09-10,23670.55
29-09-10,23810.03
30-09-10,24021.28
01-10-10,23945.32
04-10-10,23793.23
05-10-10,23833.39
06-10-10,23941.17
07-10-10,24101.72
08-10-10,24016.82
11-10-10,24206.89
12-10-10,23980.53
13-10-10,24200.13
14-10-10,24626.52
15-10-10,24793.24
18-10-10,24911.65
19-10-10,24917.81
20-10-10,24692.25
21-10-10,24702.88
22-10-10,24284.55
25-10-10,24221.03
26-10-10,23771.08
27-10-10,24339.12
28-10-10,24336.63
29-10-10,24296.67
01-11-10,24187.03
02-11-10,23635.38
03-11-10,23550.48
04-11-10,23724.16
05-11-10,23586.17
08-11-10,22747.62
09-11-10,22815.13
10-11-10,22126.49
11-11-10,21962.06
12-11-10,22023.6
15-11-10,22143.99
16-11-10,22023.72
17-11-10,22092.88
18-11-10,22320.42
19-11-10,22244.98
22-11-10,21811.43
23-11-10,21469.26
24-11-10,21323.5
25-11-10,20895.45
26-11-10,21034.43
29-11-10,21188.5
30-11-10,20675.67
02-12-10,21283.67
03-12-10,21252.17
06-12-10,20876.68
07-12-10,21308.93
08-12-10,21490.86
09-12-10,21456.87
10-12-10,21443.42
13-12-10,20988.81
14-12-10,21207.62
15-12-10,21089.52
16-12-10,20982.36
17-12-10,20755.02
20-12-10,20428.68
21-12-10,20732.28
22-12-10,20783.35
23-12-10,20939.81
27-12-10,20714.55
28-12-10,21065.74
29-12-10,21438.59
30-12-10,21980.58
03-01-11,22365.91
04-01-11,22263.26
05-01-11,22078.23
06-01-11,22542.39
07-01-11,22542.98
10-01-11,22632.82
11-01-11,23164.84
12-01-11,23520.46
13-01-11,23462.81
14-01-11,23479.73
17-01-11,24074.6
18-01-11,23829.02
19-01-11,23915.64
20-01-11,23819.76
21-01-11,23790.47
24-01-11,24048.2
25-01-11,24387.98
26-01-11,24068.93
27-01-11,23182.7
28-01-11,22707.22
31-01-11,22241.62
01-02-11,22671.73
02-02-11,22612.06
03-02-11,22530.35
04-02-11,22782.28
07-02-11,22866.72
08-02-11,23288.39
09-02-11,23112.65
10-02-11,22735.26
11-02-11,22429.82
14-02-11,22266.12
15-02-11,21919.44
16-02-11,21852.49
17-02-11,21789.55
18-02-11,22247.23
21-02-11,22044.66
22-02-11,21764.84
23-02-11,22150.72
24-02-11,22052.19
25-02-11,22788.9
28-02-11,23787.57
01-03-11,23622.02
02-03-11,23740.24
03-03-11,24497.58
04-03-11,24432.24
07-03-11,24641.11
08-03-11,24785.61
09-03-11,25580.03
10-03-11,25466.02
11-03-11,24972.99
14-03-11,25371.67
15-03-11,24495.74
16-03-11,24944.84
17-03-11,24919.84
18-03-11,24745.53
21-03-11,25163.67
22-03-11,25700.78
23-03-11,25581.66
24-03-11,25691.69
25-03-11,26194.74
28-03-11,26570.87
29-03-11,26593.57
30-03-11,27253.93
31-03-11,26875.22
01-04-11,27020.67
04-04-11,26508.87
05-04-11,26691.48
06-04-11,26971.49
07-04-11,27024.4
08-04-11,27163.6
11-04-11,26965.8
12-04-11,26576.49
13-04-11,26595.15
14-04-11,25961.87
15-04-11,26068.47
18-04-11,25502.81
19-04-11,25292.85
20-04-11,25876.4
21-04-11,25927.34
22-04-11,25954.7
26-04-11,25839.8
27-04-11,25826.29
28-04-11,25831.57
29-04-11,25565.82
02-05-11,25345.75
03-05-11,25026.73
04-05-11,25152.96
05-05-11,25108.46
06-05-11,25290.59
09-05-11,25094.09
10-05-11,24892.5
11-05-11,24385.4
12-05-11,23484.23
13-05-11,23347.15
16-05-11,22902.55
17-05-11,22791.05
18-05-11,22707.54
19-05-11,22745.74
20-05-11,22775.15
23-05-11,22121.96
24-05-11,22049.19
25-05-11,21882.11
26-05-11,22304.72
27-05-11,22455.32
30-05-11,22173.36
31-05-11,22677.78
01-06-11,23125.73
02-06-11,22830.7
03-06-11,22632.65
06-06-11,22798.1
07-06-11,22860
08-06-11,22726.5
09-06-11,22414.64
10-06-11,22717.61
14-06-11,23236.79
15-06-11,23054.78
16-06-11,22561.9
17-06-11,23193.61
20-06-11,22825.1
21-06-11,23037.59
22-06-11,22812.71
23-06-11,22496.15
24-06-11,22659.96
27-06-11,22187.63
28-06-11,22277.98
29-06-11,22715.86
30-06-11,22552.76
01-07-11,22621.6
04-07-11,22915.01
05-07-11,23328.65
06-07-11,23104.54
07-07-11,23323.25
08-07-11,23182.15
11-07-11,22848.23
12-07-11,22571.6
13-07-11,22586.39
14-07-11,22301.53
15-07-11,22086.43
18-07-11,21677.61
19-07-11,21740.65
20-07-11,21737.77
21-07-11,21841.54
22-07-11,22277.81
25-07-11,22048.63
26-07-11,21903.11
27-07-11,21642.77
28-07-11,21653.57
29-07-11,21589.98
01-08-11,21982.89
02-08-11,21596.99
03-08-11,21211.68
04-08-11,21072.42
05-08-11,20176.88
08-08-11,18415.61
09-08-11,17508.6
10-08-11,17243.35
11-08-11,17017.09
12-08-11,17968.26
16-08-11,18105.73
17-08-11,18553.21
18-08-11,17695.18
19-08-11,17390.04
22-08-11,17811.3
23-08-11,17618.7
24-08-11,17751.93
25-08-11,17718.69
26-08-11,17624.89
29-08-11,18323.24
30-08-11,18101.67
31-08-11,18603.77
01-09-11,18553.76
02-09-11,18000.59
05-09-11,17381.89
06-09-11,17363.51
07-09-11,18068.4
08-09-11,18108.12
09-09-11,17981.38
12-09-11,17314.56
13-09-11,17311.94
14-09-11,18167.75
15-09-11,18662.72
16-09-11,18770.01
19-09-11,18056.58
20-09-11,18077.35
21-09-11,18062.96
22-09-11,17509.57
23-09-11,17193.79
26-09-11,16979.53
27-09-11,17556.56
28-09-11,17390.53
29-09-11,17616.11
30-09-11,17162.34
03-10-11,16567.75
04-10-11,15679.65
05-10-11,15904.67
06-10-11,16056.95
07-10-11,16904.3
10-10-11,16629.94
11-10-11,16483.15
12-10-11,16421.93
13-10-11,16380.28
14-10-11,16430.84
17-10-11,16295.84
18-10-11,15964.8
19-10-11,16112.13
20-10-11,16220.45
21-10-11,16421.81
24-10-11,16555.96
25-10-11,16436.13
26-10-11,16481.48
27-10-11,17503.51
28-10-11,17300.64
31-10-11,17109.55
01-11-11,16690.23
02-11-11,16717.72
03-11-11,16923.53
04-11-11,17086.85
07-11-11,17665.58
08-11-11,18381.35
09-11-11,17959.76
10-11-11,18375.29
11-11-11,18747.72
14-11-11,18821.02
15-11-11,19961.48
16-11-11,20601.05
17-11-11,20374.13
18-11-11,20691.97
21-11-11,20026
22-11-11,19218.65
23-11-11,18973.92
24-11-11,18715.33
25-11-11,18658.89
28-11-11,18408.13
29-11-11,18029.53
30-11-11,18442.65
02-12-11,18624.34
05-12-11,18390.97
06-12-11,17830
07-12-11,17869.96
08-12-11,18059.33
09-12-11,18072.02
12-12-11,17915.32
13-12-11,18326.7
14-12-11,18121.35
15-12-11,19943.88
16-12-11,19625.34
19-12-11,19312
20-12-11,18870.03
21-12-11,19149.66
22-12-11,19336.94
23-12-11,19463.18
27-12-11,19379.96
28-12-11,19114.16
29-12-11,19262.21
30-12-11,19341.5
04-01-12,19575.48
05-01-12,19260.71
06-01-12,19289.69
09-01-12,19244.86
10-01-12,19341.12
11-01-12,19851.29
12-01-12,20060.22
13-01-12,20104.76
16-01-12,20295.48
17-01-12,20801.37
18-01-12,20573.98
19-01-12,20719.79
20-01-12,20969.39
23-01-12,21089.71
24-01-12,21107.32
25-01-12,21130.84
26-01-12,21651.16
27-01-12,22073.38
30-01-12,21927.77
31-01-12,22536.99
01-02-12,23096.39
02-02-12,23391.29
03-02-12,23751.71
06-02-12,23657.15
07-02-12,23737.59
08-02-12,24039.34
09-02-12,24576.72
10-02-12,24412.7
13-02-12,24985.43
14-02-12,25050.51
15-02-12,24603.92
16-02-12,24692.88
17-02-12,24973.61
20-02-12,25163.12
21-02-12,25034.32
22-02-12,25147.98
23-02-12,25307.91
24-02-12,25534.51
27-02-12,24979.21
28-02-12,25270.53
29-02-12,26011.68
01-03-12,26097.47
02-03-12,26022.03
05-03-12,25882.19
06-03-12,25696.79
07-03-12,25356.22
08-03-12,25588.68
09-03-12,25162.56
12-03-12,24367.58
13-03-12,24444.84
14-03-12,24542.14
15-03-12,24704.81
16-03-12,24693.52
19-03-12,24510.85
20-03-12,24435.92
21-03-12,24334.34
22-03-12,24214.91
23-03-12,24278
26-03-12,24898.65
27-03-12,25038.69
28-03-12,24980.48
29-03-12,24681.77
30-03-12,24970.93
02-04-12,24964.12
03-04-12,24801.51
04-04-12,24618.63
05-04-12,24273.32
06-04-12,24251.38
09-04-12,23980.02
10-04-12,23893.92
11-04-12,23864.39
12-04-12,23954.08
13-04-12,24118.42
17-04-12,24015.31
18-04-12,24018.01
19-04-12,23714.33
20-04-12,24078.45
23-04-12,23815.9
24-04-12,24135.74
25-04-12,24123.09
26-04-12,24286.46
27-04-12,24165.92
30-04-12,24409.82
02-05-12,24335.26
03-05-12,24320.16
04-05-12,24172.36
07-05-12,23989.54
08-05-12,24124.87
09-05-12,23923.56
10-05-12,23403.32
11-05-12,22994.8
14-05-12,22039.52
15-05-12,21842.82
16-05-12,20620.52
17-05-12,20524.87
18-05-12,20028.06
21-05-12,20130.13
22-05-12,20445.26
23-05-12,20207.6
24-05-12,20081.69
25-05-12,20048.55
28-05-12,19996.2
29-05-12,20114.39
30-05-12,20001.45
31-05-12,20102.59
01-06-12,19400.42
05-06-12,19338.25
06-06-12,19554.87
07-06-12,20060.7
08-06-12,19846.59
11-06-12,20389.46
12-06-12,20244.72
13-06-12,20105.68
14-06-12,20089.77
15-06-12,20299.61
18-06-12,20460.32
19-06-12,20006.37
20-06-12,20090.88
21-06-12,20110.3
22-06-12,19979.16
25-06-12,19839.66
26-06-12,19625.07
27-06-12,19733.86
28-06-12,19865.82
29-06-12,20322.52
02-07-12,21099.52
03-07-12,21280.53
04-07-12,20691.54
05-07-12,20420.73
06-07-12,20325.62
09-07-12,20907.54
10-07-12,21232.89
11-07-12,21151.05
12-07-12,21136.78
13-07-12,21205
16-07-12,21229.62
17-07-12,21593.58
18-07-12,21500.74
19-07-12,21221.2
20-07-12,21093.79
23-07-12,20482.85
24-07-12,20635.48
25-07-12,21014.47
26-07-12,21177.63
27-07-12,21218.67
30-07-12,21363.81
31-07-12,21582.4
01-08-12,21975.23
02-08-12,21706.26
03-08-12,21981.79
06-08-12,22232.67
07-08-12,22001.34
08-08-12,21908.38
09-08-12,21852.3
10-08-12,21982.28
13-08-12,22397.99
14-08-12,22629.05
16-08-12,22932.33
17-08-12,22887.91
20-08-12,22948.59
21-08-12,23270.62
22-08-12,23236.5
23-08-12,23194.1
24-08-12,22991.88
27-08-12,22995.7
28-08-12,23026.77
29-08-12,23031.8
30-08-12,22967.97
31-08-12,23171.83
03-09-12,23301.37
04-09-12,23218.66
05-09-12,23241
06-09-12,23391.5
07-09-12,23851.56
10-09-12,23948.07
11-09-12,23857.39
12-09-12,23858.42
13-09-12,23807.59
14-09-12,24227.36
17-09-12,24254.99
18-09-12,24305.59
19-09-12,24250.84
20-09-12,24146.24
21-09-12,24253.85
24-09-12,23680.61
25-09-12,23838.79
26-09-12,23302.39
27-09-12,23402.59
28-09-12,23491.51
01-10-12,23367.52
02-10-12,23524.62
03-10-12,23443.03
04-10-12,23364.47
05-10-12,23537.11
08-10-12,23358.88
09-10-12,23257.88
10-10-12,23243.81
11-10-12,22890.81
12-10-12,23061.39
15-10-12,23298.51
16-10-12,23830.51
17-10-12,24145.03
18-10-12,24224.58
19-10-12,24009.25
22-10-12,23979.45
23-10-12,23772.5
24-10-12,23962.4
25-10-12,23967.18
26-10-12,23993.85
29-10-12,24036.58
30-10-12,24057.41
31-10-12,24305.28
01-11-12,24297.75
02-11-12,24282.9
05-11-12,24137.82
06-11-12,24206.19
07-11-12,23955.17
08-11-12,23858.81
09-11-12,23891.49
12-11-12,23672.29
13-11-12,23465.32
14-11-12,23505.58
15-11-12,23265.13
16-11-12,23363.84
19-11-12,23432.42
20-11-12,23500.48
21-11-12,23584.72
22-11-12,23692.16
23-11-12,23694.44
26-11-12,23736.12
27-11-12,23824.41
28-11-12,23715.78
29-11-12,24136.77
03-12-12,24346.82
04-12-12,24200.38
05-12-12,24285.04
06-12-12,24348.68
07-12-12,24312.13
10-12-12,24318.22
11-12-12,24594.14
12-12-12,25047.24
13-12-12,24900.79
14-12-12,24635.77
17-12-12,24631.8
18-12-12,24808.45
19-12-12,24939.49
20-12-12,24873.53
21-12-12,24799.78
24-12-12,
27-12-12,25426.34
28-12-12,25375.38
03-01-13,26103.62
04-01-13,26670.25
07-01-13,26374.93
08-01-13,26529.34
09-01-13,26646.25
10-01-13,26706.2
11-01-13,26798.94
14-01-13,27005.86
15-01-13,27050.59
16-01-13,27052.03
17-01-13,26975.78
18-01-13,26940.77
21-01-13,26790.38
22-01-13,26515.24
23-01-13,26727.62
24-01-13,26808.83
25-01-13,27013.15
28-01-13,26974.18
29-01-13,27026.79
30-01-13,27011.21
31-01-13,26945.29
01-02-13,26980.85
04-02-13,26986.66
05-02-13,27045.14
06-02-13,26924.04
07-02-13,26894.95
08-02-13,26839.71
11-02-13,26863.05
12-02-13,26669.1
13-02-13,26648.85
14-02-13,26565.17
15-02-13,26712.78
18-02-13,26701.99
19-02-13,26796.81
20-02-13,26765.75
21-02-13,26545.35
22-02-13,26643.26
25-02-13,26778.15
26-02-13,26727.98
27-02-13,26897.17
28-02-13,27138.88
01-03-13,27088.35
04-03-13,27105.39
05-03-13,27529.99
06-03-13,27979.34
07-03-13,28145.96
08-03-13,28441.16
11-03-13,28211.45
12-03-13,28349.89
13-03-13,28497.17
14-03-13,28371.55
15-03-13,28205.28
18-03-13,28021.17
19-03-13,28099.57
20-03-13,27884.62
21-03-13,27853.59
22-03-13,27635.24
25-03-13,27563.17
26-03-13,27440.98
27-03-13,27320.26
28-03-13,27311.54
29-03-13,27274.53
01-04-13,27519.34
02-04-13,27499.58
03-04-13,27389.96
04-04-13,27348.98
05-04-13,27083.58
08-04-13,26958.89
09-04-13,26992.36
10-04-13,26959.51
11-04-13,27041.86
12-04-13,27067.62
15-04-13,26557.12
16-04-13,26935.8
17-04-13,26761.46
18-04-13,25978.81
19-04-13,25964.79
22-04-13,25895.13
23-04-13,25713.55
24-04-13,25106.37
25-04-13,24745.12
26-04-13,24950.79
29-04-13,25003.36
30-04-13,24752.84
02-05-13,24579.84
03-05-13,24701.69
07-05-13,24506.9
08-05-13,23887.07
09-05-13,24220.28
10-05-13,24310.72
13-05-13,24191.52
14-05-13,24283.21
15-05-13,24804.76
16-05-13,24796.78
17-05-13,24757.44
20-05-13,24793.39
21-05-13,24708.74
22-05-13,25439.29
23-05-13,24989.07
24-05-13,25391.02
27-05-13,25699.82
28-05-13,25716.06
29-05-13,25682.19
30-05-13,25680.39
31-05-13,25434.85
03-06-13,25167.84
04-06-13,25287.52
05-06-13,24904.44
06-06-13,24648.4
07-06-13,24671.08
10-06-13,24929.61
11-06-13,24723.8
12-06-13,24921.54
13-06-13,24841.09
14-06-13,24914.99
17-06-13,25185.93
18-06-13,25246.47
19-06-13,25137.69
20-06-13,24730.96
21-06-13,24684.52
25-06-13,24383.1
26-06-13,24329.44
27-06-13,24502.08
28-06-13,24387.51
01-07-13,24508.31
02-07-13,24360.04
03-07-13,24093.73
04-07-13,24247.83
05-07-13,24386.25
08-07-13,24596.4
09-07-13,24679.99
10-07-13,24802.76
11-07-13,24740.27
12-07-13,24803.97
15-07-13,24715.63
16-07-13,24545.92
17-07-13,24404.05
18-07-13,24384.57
19-07-13,24294.72
22-07-13,24115.44
23-07-13,24245.52
24-07-13,24151.96
25-07-13,24093.65
26-07-13,24198.95
29-07-13,24008.24
30-07-13,24077.43
31-07-13,24063.35
01-08-13,24160.49
02-08-13,24228.68
05-08-13,24359.9
06-08-13,24543.5
07-08-13,25289.87
08-08-13,25907.67
09-08-13,25676.9
12-08-13,25691.14
13-08-13,26020.47
14-08-13,26036.85
16-08-13,25913
19-08-13,26042.83
20-08-13,25923.85
21-08-13,25825.32
22-08-13,26045.84
23-08-13,26126.47
26-08-13,25980.72
27-08-13,25552.13
28-08-13,25414.33
29-08-13,25423.82
30-08-13,25352.03
02-09-13,25656.65
03-09-13,25328.24
04-09-13,25176.04
05-09-13,25213.68
06-09-13,25111.68
09-09-13,25106.06
10-09-13,25290.53
11-09-13,25602.51
12-09-13,25770.26
13-09-13,26267.79
16-09-13,26221.42
17-09-13,26044.27
18-09-13,26151.28
19-09-13,26449.17
20-09-13,26424.58
23-09-13,26429.51
24-09-13,26509.9
25-09-13,26841.85
26-09-13,26861.46
27-09-13,27018.88
30-09-13,26854.22
01-10-13,26805.3
02-10-13,26882.51
03-10-13,27020.32
04-10-13,27128.08
07-10-13,26770.66
08-10-13,26609.78
09-10-13,26448.87
10-10-13,26883.17
11-10-13,26896.75
14-10-13,26649.02
15-10-13,26731.63
16-10-13,26877.81
17-10-13,26939.97
18-10-13,26807.56
21-10-13,26550.25
22-10-13,26505.08
23-10-13,26478.06
24-10-13,26689.55
25-10-13,26716.32
28-10-13,26688.63
29-10-13,27047.9
30-10-13,27133.11
31-10-13,27207.9
01-11-13,27756.68
04-11-13,28173.95
05-11-13,28137.53
06-11-13,28257.35
07-11-13,28239.95
08-11-13,28074.48
11-11-13,28067.13
12-11-13,27962.45
13-11-13,27819.74
14-11-13,28163.31
15-11-13,28199.91
18-11-13,28230.5
19-11-13,28502.3
20-11-13,28542.81
21-11-13,28536.01
22-11-13,28604.03
25-11-13,28956.75
26-11-13,29193.85
27-11-13,29829.85
28-11-13,30015.49
29-11-13,30513.2
02-12-13,30996.64
03-12-13,30815.47
04-12-13,30571.34
05-12-13,30724.06
06-12-13,30854.49
09-12-13,30513.7
10-12-13,29898.39
11-12-13,30028.81
12-12-13,30107.41
13-12-13,30326.98
16-12-13,30328.9
17-12-13,30269.88
18-12-13,30273.26
19-12-13,30695.52
20-12-13,30690.01
23-12-13,30860.94
27-12-13,31168.76
30-12-13,31291.82
03-01-14,31487.99
06-01-14,31262.73
07-01-14,31475.34
08-01-14,31591.41
09-01-14,31572.78
10-01-14,31710.32
13-01-14,32121.48
14-01-14,31890.56
15-01-14,32014.81
16-01-14,31780.83
17-01-14,32114.54
20-01-14,31923.35
21-01-14,32016.16
22-01-14,32115.24
23-01-14,31871.97
24-01-14,31400.83
27-01-14,31084.12
28-01-14,31224.21
29-01-14,30924.25
30-01-14,30618.83
31-01-14,30129.81
03-02-14,30264.93
04-02-14,30294.78
05-02-14,30267.51
06-02-14,31302.28
07-02-14,31235.78
10-02-14,31014.16
11-02-14,31171.32
12-02-14,31257.22
13-02-14,31223
14-02-14,31081.53
17-02-14,31078.92
18-02-14,31049.96
19-02-14,30893.34
20-02-14,30602.26
21-02-14,30690.9
24-02-14,30575.52
25-02-14,30522.42
26-02-14,29983.41
27-02-14,30024.09
28-02-14,30304.38
03-03-14,28766.41
04-03-14,29517.34
05-03-14,29762.81
06-03-14,30151.45
07-03-14,29867.8
10-03-14,29574.84
11-03-14,29672.39
12-03-14,29070.03
13-03-14,28896.34
14-03-14,28590.07
17-03-14,29187.79
18-03-14,29321.18
19-03-14,28984.48
20-03-14,28987.71
21-03-14,28868.98
24-03-14,28586.49
25-03-14,28551.65
26-03-14,28843.23
27-03-14,28900.18
28-03-14,28862.76
31-03-14,28935.81
01-04-14,28897.69
02-04-14,28820.51
03-04-14,28692.87
04-04-14,28689.97
07-04-14,28552.65
08-04-14,27883.76
09-04-14,27898.93
10-04-14,27831.05
11-04-14,27716.25
14-04-14,27997.17
15-04-14,28255.66
16-04-14,28178.46
17-04-14,27930.29
18-04-14,28099.34
22-04-14,28042.24
23-04-14,27914.33
24-04-14,27615.68
25-04-14,27384.01
28-04-14,26913.18
29-04-14,26541.27
30-04-14,26952.64
02-05-14,27003.55
05-05-14,26710.72
06-05-14,26616.93
07-05-14,26807.82
08-05-14,27172
09-05-14,27176.22
12-05-14,27423.25
13-05-14,27599.77
14-05-14,27506.17
15-05-14,27898.77
16-05-14,28254.21
19-05-14,28262.5
20-05-14,28362.56
21-05-14,28207.29
22-05-14,28564.92
23-05-14,28907.13
26-05-14,28908.74
27-05-14,28743.61
28-05-14,28303.28
29-05-14,28402.64
30-05-14,28699.43
02-06-14,28878.06
03-06-14,28515.67
04-06-14,28570.38
05-06-14,28448.21
06-06-14,28355.22
10-06-14,28315.24
11-06-14,28346.59
12-06-14,28589.33
13-06-14,28398.47
16-06-14,28436.02
17-06-14,28371.9
18-06-14,28411.97
19-06-14,28418.57
20-06-14,28587.23
23-06-14,28798.88
24-06-14,29156.77
25-06-14,29123.48
26-06-14,29293.29
27-06-14,29608.33
30-06-14,30139.07
01-07-14,29970.31
02-07-14,30207.48
03-07-14,30260.21
04-07-14,30090.05
07-07-14,29892.16
08-07-14,29783.69
09-07-14,29757.91
10-07-14,29276.31
11-07-14,29717.76
14-07-14,29825.73
15-07-14,29585.67
16-07-14,29623.57
17-07-14,29702.6
18-07-14,29464.53
21-07-14,29816.04
22-07-14,30067.79
23-07-14,30072.38
24-07-14,30257.81
25-07-14,30216.91
28-07-14,30093.36
29-07-14,30121.15
30-07-14,30206.43
31-07-14,30290.52
01-08-14,30376.34
04-08-14,30424.02
05-08-14,30426.04
06-08-14,30246.86
07-08-14,30017.78
08-08-14,30287.32
11-08-14,30350.1
12-08-14,30301.53
13-08-14,30573.69
14-08-14,30529.47
18-08-14,30421.39
19-08-14,30123.71
20-08-14,30290.83
21-08-14,30221.03
22-08-14,30176.72
25-08-14,30314.45
26-08-14,30425.04
27-08-14,30472.67
28-08-14,30461.22
29-08-14,30562.34
01-09-14,30638.95
02-09-14,30723.14
03-09-14,30829.92
04-09-14,30774.26
05-09-14,30694.58
08-09-14,30651.59
09-09-14,30569.12
10-09-14,30630.91
11-09-14,30387.23
12-09-14,30452.56
15-09-14,30516.94
16-09-14,30388.79
17-09-14,30788.09
18-09-14,30633.77
19-09-14,30641.6
22-09-14,30538.48
23-09-14,30458.37
24-09-14,30525.29
25-09-14,30493.47
26-09-14,30396.09
29-09-14,30355.55
30-09-14,30885.99
01-10-14,30839.07
02-10-14,30656.95
03-10-14,30838.1
06-10-14,31003.05
07-10-14,31832.2
08-10-14,31595.76
09-10-14,31523.69
10-10-14,31047.83
13-10-14,30957.36
14-10-14,30806.95
15-10-14,30466.01
16-10-14,29418.54
17-10-14,30191.53
20-10-14,30188.02
21-10-14,30524.77
22-10-14,30805.29
23-10-14,31026.93
24-10-14,31129.12
27-10-14,31284.76
28-10-14,31324.57
29-10-14,31350.75
30-10-14,31296.35
31-10-14,31377.97
03-11-14,31415.19
04-11-14,31546.83
05-11-14,31799.13
06-11-14,31986.99
07-11-14,31881.61
10-11-14,31893.34
11-11-14,31840.49
12-11-14,31817.38
13-11-14,31732.62
14-11-14,31719.93
17-11-14,31551.21
18-11-14,31440.57
19-11-14,31372.2
20-11-14,31094.93
21-11-14,31270.65
24-11-14,31221.59
25-11-14,31352.06
26-11-14,31318.76
27-11-14,31358.75
28-11-14,31192.51
02-12-14,31163.41
03-12-14,31143.06
04-12-14,31480.88
05-12-14,31853.66
08-12-14,31806.09
09-12-14,31543.05
10-12-14,31234.85
11-12-14,30720.63
12-12-14,30494.36
15-12-14,30128.64
16-12-14,29788.65
17-12-14,29406.9
18-12-14,29773.46
19-12-14,29808.89
22-12-14,30306.13
23-12-14,30344.74
29-12-14,30423.51
30-12-14,30283.31
05-01-15,30120.38
06-01-15,29925.93
07-01-15,29799.43
08-01-15,30067.06
09-01-15,30001.53
12-01-15,29751.11
13-01-15,29716.01
14-01-15,29621.6
15-01-15,29512.05
16-01-15,29441.12
19-01-15,29176.23
20-01-15,29318.47
21-01-15,29611.54
22-01-15,30085.18
23-01-15,30429.09
26-01-15,30238.41
27-01-15,29819.24
28-01-15,29721.95
29-01-15,29693.26
30-01-15,29795.97
02-02-15,29851.91
03-02-15,30135.84
04-02-15,30398.18
05-02-15,30316.95
06-02-15,30438.53
09-02-15,30220.44
10-02-15,30655.52
11-02-15,30655.02
12-02-15,30872.13
13-02-15,31069.77
16-02-15,30988.35
17-02-15,30845.78
18-02-15,31238.11
19-02-15,31164.35
20-02-15,31191.4
23-02-15,31580.21
24-02-15,31703.02
25-02-15,31429.85
26-02-15,31072.6
27-02-15,31080.79
02-03-15,31109.56
03-03-15,31149.32
04-03-15,31036.6
05-03-15,31039.26
06-03-15,31202.69
09-03-15,31140.01
10-03-15,30979.38
11-03-15,30927.57
12-03-15,31003.18
13-03-15,30413.78
16-03-15,30299.16
17-03-15,30162.28
18-03-15,29966.31
19-03-15,30003.1
20-03-15,29674.85
23-03-15,30058.9
24-03-15,30502.85
25-03-15,30395.08
26-03-15,30302.63
27-03-15,30397.67
30-03-15,30268.47
31-03-15,30280.72
01-04-15,30409.27
02-04-15,30175.91
03-04-15,30063.47
06-04-15,29943.24
07-04-15,30294.55
08-04-15,30455.09
09-04-15,30811.67
10-04-15,31009.78
14-04-15,31151.56
15-04-15,31319.57
16-04-15,31316.08
17-04-15,31452.09
20-04-15,31366.02
21-04-15,31498.61
22-04-15,31508.39
23-04-15,31644.8
24-04-15,31700.34
27-04-15,31690.71
28-04-15,31595.06
29-04-15,31542.63
30-04-15,31383.06
04-05-15,31471.85
05-05-15,31565.54
06-05-15,31431.39
07-05-15,31635.63
08-05-15,31752.25
11-05-15,31602.77
12-05-15,31405.56
13-05-15,31446.73
14-05-15,31390.02
15-05-15,31213.54
18-05-15,31299.14
19-05-15,31262.1
20-05-15,31340.44
21-05-15,31455.07
22-05-15,31409.76
25-05-15,31281.72
26-05-15,31231.5
27-05-15,31151.62
28-05-15,31024.13
29-05-15,30903.44
02-06-15,30945.21
03-06-15,30962.81
04-06-15,30798.95
05-06-15,30823.73
08-06-15,30641.22
09-06-15,30495.41
10-06-15,30511.82
11-06-15,30416.69
12-06-15,30606.6
15-06-15,30516.24
16-06-15,30156.6
17-06-15,30352.51
18-06-15,30356.1
19-06-15,30363.29
22-06-15,30261.37
23-06-15,29971.4
24-06-15,29873.71
25-06-15,29744.22
26-06-15,29857.05
29-06-15,29578.38
30-06-15,29647.34
01-07-15,29910.74
02-07-15,29878.17
03-07-15,29946.03
06-07-15,29744.88
07-07-15,29625.2
08-07-15,29391.31
09-07-15,29615.58
10-07-15,29861.05
13-07-15,30172.13
14-07-15,30332.51
15-07-15,30865.61
16-07-15,31426.54
17-07-15,31677.28
20-07-15,31788.89
21-07-15,31598.38
22-07-15,31685.3
23-07-15,31781.18
24-07-15,31861.26
27-07-15,31690.51
28-07-15,31812.85
29-07-15,31870.48
30-07-15,31984.56
31-07-15,32034.86
03-08-15,31929.27
04-08-15,32300.27
05-08-15,32518.12
06-08-15,32659.86
07-08-15,32523.8
10-08-15,32594.99
11-08-15,32561.79
12-08-15,32047.89
13-08-15,32300.18
14-08-15,32435.8
17-08-15,32309.9
18-08-15,32351.19
19-08-15,32166.39
20-08-15,31788.97
21-08-15,31359.43
24-08-15,29273.08
25-08-15,30463.6
26-08-15,30312.29
27-08-15,30335.46
28-08-15,30118.82
31-08-15,30198.84
01-09-15,30078.24
02-09-15,30194.61
03-09-15,30229.46
04-09-15,29962.55
07-09-15,29873.96
08-09-15,30077.51
09-09-15,30616.31
10-09-15,30538.73
11-09-15,30470.01
14-09-15,30364.48
15-09-15,30246.03
16-09-15,30297.38
17-09-15,30343.6
18-09-15,30064.68
21-09-15,30395.89
22-09-15,30082.65
23-09-15,30300.32
24-09-15,30347.34
25-09-15,30678.43
28-09-15,30641.2
29-09-15,30416.91
30-09-15,30536.7
01-10-15,30473.27
02-10-15,30511.5
05-10-15,30489.35
06-10-15,30436.23
07-10-15,30403.97
08-10-15,30355.33
09-10-15,30548.31
12-10-15,30301.23
13-10-15,30384.53
14-10-15,30299.07
15-10-15,30270.57
16-10-15,30283.19
19-10-15,30239.26
20-10-15,29946.2
21-10-15,30019.39
22-10-15,30120.83
23-10-15,30612.71
26-10-15,30540.9
27-10-15,30344.71
28-10-15,30578.54
29-10-15,30762.27
30-10-15,30758.73
02-11-15,30884.02
03-11-15,31277.03
04-11-15,31215.56
05-11-15,31046.67
06-11-15,31107.19
09-11-15,30857.37
10-11-15,30772.19
11-11-15,30780.99
12-11-15,30817.46
13-11-15,30709.18
16-11-15,30812.67
17-11-15,30839.97
18-11-15,30686.73
19-11-15,30765.72
20-11-15,30694.6
23-11-15,30702.21
24-11-15,30417.3
25-11-15,30302.93
26-11-15,30327.12
27-11-15,30380.97
02-12-15,30255.33
03-12-15,30147.41
04-12-15,30162.95
07-12-15,30219.93
08-12-15,30265.29
09-12-15,30329.33
10-12-15,30285.91
11-12-15,29926.22
14-12-15,29740.93
15-12-15,29717.47
16-12-15,29879.32
17-12-15,29938.71
18-12-15,29912.01
21-12-15,30047.7
22-12-15,30138.64
23-12-15,30147.32
28-12-15,30029.42
29-12-15,30054.87
30-12-15,30276.49
04-01-16,30007.31
05-01-16,30112.38
06-01-16,29994.29
07-01-16,29649.69
08-01-16,29591.69
11-01-16,29029.17
12-01-16,28846.66
13-01-16,28851.25
14-01-16,28076.56
15-01-16,27481.02
18-01-16,26154.71
19-01-16,26752.58
20-01-16,25863.23
21-01-16,26453.42
22-01-16,27419.83
25-01-16,27254.55
26-01-16,27230.53
27-01-16,27551.22
28-01-16,27546.02
29-01-16,27764.6
01-02-16,27982.6
02-02-16,28049.72
03-02-16,28212.53
04-02-16,28321.86
05-02-16,28329.51
08-02-16,27595.84
09-02-16,27135.35
10-02-16,27043.15
11-02-16,26471.36
12-02-16,26604.53
15-02-16,26730.45
16-02-16,26571.88
17-02-16,26853.15
18-02-16,26748.98
19-02-16,26775.07
22-02-16,26868.7
23-02-16,26894.96
24-02-16,26825.73
25-02-16,27037.87
26-02-16,27325.36
29-02-16,27255.45
01-03-16,27709.39
02-03-16,27836.95
03-03-16,28083.65
04-03-16,27993.59
07-03-16,27957.63
08-03-16,27872.75
09-03-16,28053.09
10-03-16,28157.55
11-03-16,28104.44
14-03-16,28384.98
15-03-16,28234.9
16-03-16,28435.03
17-03-16,28476.17
18-03-16,28726.68
21-03-16,28411.55
22-03-16,28444.63
23-03-16,28336.09
24-03-16,28221.53
25-03-16,28342.39
28-03-16,28288.53
29-03-16,28001.41
30-03-16,27959.52
31-03-16,28104.67
01-04-16,27962.97
04-04-16,28002.69
05-04-16,27912.43
06-04-16,27860.75
07-04-16,27947.13
08-04-16,27924.9
11-04-16,27905.5
12-04-16,27833.08
13-04-16,27872.99
14-04-16,27894.24
15-04-16,27838.26
18-04-16,27724.51
19-04-16,27774.25
20-04-16,27417.62
21-04-16,27240.2
22-04-16,27357.33
25-04-16,27305.34
26-04-16,26963.18
27-04-16,26860.34
28-04-16,26713.01
29-04-16,26691.72
03-05-16,26301.02
04-05-16,26099.88
05-05-16,26157.54
06-05-16,25927.43
09-05-16,25799.33
10-05-16,25760.95
11-05-16,25650.28
12-05-16,25639.35
13-05-16,25569.12
16-05-16,25535.41
17-05-16,25437.82
18-05-16,25457.54
19-05-16,25258
20-05-16,25173.81
23-05-16,25338.4
24-05-16,25409.28
25-05-16,25200.17
26-05-16,25226.05
27-05-16,25172.73
30-05-16,25553.62
31-05-16,25986.69
01-06-16,26049.33
02-06-16,26337.16
03-06-16,26140.48
06-06-16,26204.17
07-06-16,26227.16
08-06-16,26291.92
09-06-16,26002.04
10-06-16,25657.92
13-06-16,25552.84
14-06-16,25515.76
15-06-16,25727.82
16-06-16,25520.08
17-06-16,25624.9
21-06-16,25904.03
22-06-16,26080.77
23-06-16,26066.39
24-06-16,25286.77
27-06-16,25275.71
28-06-16,26142.54
29-06-16,26469.52
30-06-16,26639.03
01-07-16,26614.62
04-07-16,27105.51
05-07-16,27297.27
06-07-16,27096.51
07-07-16,27268.52
08-07-16,27375.16
11-07-16,27959.7
12-07-16,27544.41
13-07-16,27418.33
14-07-16,27517.29
15-07-16,27694.1
18-07-16,27814.85
19-07-16,27790.82
20-07-16,27937.33
21-07-16,27878.14
22-07-16,27962.25
25-07-16,27827.24
26-07-16,27890.57
27-07-16,28133.69
28-07-16,28186.58
29-07-16,28291.2
01-08-16,28242.6
02-08-16,28076.21
03-08-16,28059.95
04-08-16,28144.47
05-08-16,28229.02
08-08-16,28224.85
09-08-16,28315
10-08-16,28393.35
11-08-16,28414
12-08-16,28325.68
16-08-16,28568.18
17-08-16,28361.75
18-08-16,28524.02
19-08-16,28566.42
22-08-16,28495.18
23-08-16,28507.22
24-08-16,28746.06
25-08-16,28868.75
26-08-16,28961.24
29-08-16,29017.41
30-08-16,29240.79
31-08-16,29406.39
01-09-16,29431.65
02-09-16,29398.67
05-09-16,29437.92
06-09-16,29313.92
07-09-16,29561.05
08-09-16,29581.17
09-09-16,29173.27
12-09-16,28890.87
13-09-16,29094.97
14-09-16,29007.25
15-09-16,29053.54
16-09-16,29022.49
19-09-16,29149.63
20-09-16,29240.32
21-09-16,29232.04
22-09-16,29309.62
23-09-16,29276.09
26-09-16,29155.01
27-09-16,29145.19
28-09-16,29085.28
29-09-16,29151.44
30-09-16,29094.71
03-10-16,29226.57
04-10-16,29382.89
05-10-16,29111.73
06-10-16,29023.38
07-10-16,28913.91
10-10-16,28884.59
11-10-16,28814.88
12-10-16,28805.4
13-10-16,28717.9
14-10-16,28766.34
17-10-16,28786.41
18-10-16,28877.31
19-10-16,28942.42
20-10-16,28866.28
21-10-16,28902.98
24-10-16,28812.85
25-10-16,28723.09
26-10-16,28645.2
27-10-16,28746.38
28-10-16,28826.36
31-10-16,28693.21
01-11-16,28738.42
02-11-16,28604.23
03-11-16,28679.74
04-11-16,28540.02
07-11-16,28487.69
08-11-16,28463.89
09-11-16,28493.26
10-11-16,28698.84
11-11-16,28827.81
14-11-16,28820.94
15-11-16,28941.21
16-11-16,28898.59
17-11-16,28898.27
18-11-16,28877.22
21-11-16,28831.86
22-11-16,28849.43
23-11-16,28723.84
24-11-16,28586.12
25-11-16,28638.83
28-11-16,28561.85
29-11-16,28755.08
02-12-16,29072.57
05-12-16,29015.09
06-12-16,28851.02
07-12-16,29172.74
08-12-16,29112.98
09-12-16,29085.71
12-12-16,29031.81
13-12-16,29020.17
14-12-16,28961.63
15-12-16,29057.52
16-12-16,29152.14
19-12-16,29112.94
20-12-16,29077.96
21-12-16,29038.93
22-12-16,29169.52
23-12-16,29274.01
27-12-16,29328.11
28-12-16,29301.03
29-12-16,29561.53
30-12-16,29710.63
03-01-17,30078.78
04-01-17,30593.59
05-01-17,30580.84
06-01-17,30528.66
09-01-17,30689.85
10-01-17,30671.62
11-01-17,30744.3
12-01-17,30466.38
13-01-17,30511.68
16-01-17,30556.12
17-01-17,30535.34
18-01-17,30609.95
19-01-17,30833.77
20-01-17,30880.02
23-01-17,30782.95
25-01-17,31024.87
26-01-17,31062.6
27-01-17,31477.64
30-01-17,31407.13
31-01-17,31343.7
01-02-17,31300.82
02-02-17,31239.7
03-02-17,31265.89
06-02-17,31678.84
07-02-17,31695.32
08-02-17,31563.4
09-02-17,31865.14
10-02-17,32153.85
13-02-17,32078.52
14-02-17,31956.17
15-02-17,31949.86
16-02-17,31842.44
17-02-17,31719.28
20-02-17,31688.76
21-02-17,31783.66
22-02-17,32045.7
23-02-17,32240.17
24-02-17,32051.68
27-02-17,31844.21
28-02-17,31860.4
01-03-17,32007.2
02-03-17,31690.83
03-03-17,31899.94
06-03-17,31431.48
07-03-17,31462.14
08-03-17,31429.17
09-03-17,31273.53
10-03-17,31511.32
13-03-17,31431.13
14-03-17,31381.93
15-03-17,31922.44
16-03-17,32151.14
17-03-17,32075.45
20-03-17,32093.57
21-03-17,32069.68
22-03-17,31887.53
23-03-17,31963.2
24-03-17,31919.51
27-03-17,31856.98
28-03-17,31817.78
29-03-17,31772.11
30-03-17,31808.85
31-03-17,31925.86
03-04-17,32040.93
04-04-17,31923.55
05-04-17,31866.46
06-04-17,31765.68
07-04-17,31917.01
10-04-17,31835.53
11-04-17,31626.83
12-04-17,31499.57
13-04-17,31500.4
14-04-17,31449.66
18-04-17,31552.92
19-04-17,31378.08
20-04-17,31506.05
21-04-17,31485.75
24-04-17,31497.56
25-04-17,31538.99
26-04-17,31619.28
27-04-17,31442.74
28-04-17,31604.4
02-05-17,31579.12
03-05-17,31379.39
04-05-17,31426.88
05-05-17,31604.94
08-05-17,31729.65
09-05-17,31830.9
10-05-17,31890.08
11-05-17,32130.06
12-05-17,32396.05
15-05-17,32663.08
16-05-17,32379.63
17-05-17,32563.11
18-05-17,32487.93
19-05-17,32546.46
22-05-17,32678.84
23-05-17,32653.73
24-05-17,32661.28
25-05-17,32705.99
26-05-17,33005.89
29-05-17,33144.07
30-05-17,33108.52
31-05-17,33308.88
06-06-17,33337.17
07-06-17,33266.32
08-06-17,33385.36
09-06-17,33012.01
12-06-17,33027.58
13-06-17,33229.59
14-06-17,33427.46
15-06-17,33337.78
16-06-17,33584.41
19-06-17,33437.54
20-06-17,33571.79
21-06-17,33491.79
22-06-17,33220.26
23-06-17,33385.64
26-06-17,33453.99
27-06-17,33145.74
28-06-17,33101.19
29-06-17,32309.9
30-06-17,32482.32
03-07-17,32607.66
04-07-17,33040.52
05-07-17,33349.49
06-07-17,33316.63
07-07-17,33357.38
10-07-17,33319.6
11-07-17,33421.63
12-07-17,33372.69
13-07-17,33239.95
14-07-17,33097.26
17-07-17,33288.66
18-07-17,33402.27
19-07-17,33370.56
20-07-17,33488.47
21-07-17,33529.3
24-07-17,33535.19
25-07-17,33577.35
26-07-17,33656.62
27-07-17,33665.96
28-07-17,33584.45
31-07-17,33712.8
01-08-17,33682.09
02-08-17,33618.77
03-08-17,33692.15
04-08-17,33785.38
07-08-17,33850.3
08-08-17,34812.52
09-08-17,34973.22
10-08-17,34705.75
11-08-17,34583.64
14-08-17,34712.85
16-08-17,34616.04
17-08-17,35062.31
18-08-17,34879.92
21-08-17,34955.01
22-08-17,34996.03
23-08-17,35330.82
24-08-17,35322.01
25-08-17,35472.74
28-08-17,35711.83
29-08-17,35594.69
30-08-17,35729.34
31-08-17,35739.25
01-09-17,35711.63
04-09-17,35733.91
05-09-17,35678.72
06-09-17,36060.29
07-09-17,36188.74
08-09-17,36201.64
11-09-17,36436.64
12-09-17,36690.04
13-09-17,36990.44
14-09-17,37338.98
15-09-17,37312.17
18-09-17,37814.62
19-09-17,37710.89
20-09-17,37874.01
21-09-17,37683.78
22-09-17,37449.4
25-09-17,37450.73
26-09-17,37445.43
27-09-17,37398.86
28-09-17,37420.26
29-09-17,37413.56
02-10-17,37391.09
03-10-17,37173.22
04-10-17,37141.87
05-10-17,36833.57
06-10-17,36919.94
09-10-17,36883.53
10-10-17,36560.9
11-10-17,36392.47
12-10-17,36377.46
13-10-17,36674.41
16-10-17,36650.71
17-10-17,36717.93
18-10-17,36764.88
19-10-17,36610.51
20-10-17,36549.94
23-10-17,36331.38
24-10-17,36506.96
25-10-17,36432.81
26-10-17,36425.37
27-10-17,36423.32
30-10-17,36373.68
31-10-17,36494.72
01-11-17,36729.3
02-11-17,36728.96
03-11-17,36696.39
06-11-17,36890.81
07-11-17,37628.47
08-11-17,37611.74
09-11-17,38067.95
10-11-17,38077.85
13-11-17,38111.57
14-11-17,38645.58
15-11-17,38315.92
16-11-17,37882.08
17-11-17,38044.99
20-11-17,37866.9
21-11-17,38984.85
22-11-17,38685.67
23-11-17,38230.55
24-11-17,38324.23
27-11-17,38247.62
28-11-17,38338.13
29-11-17,38466.9
04-12-17,38847.63
05-12-17,39201.29
06-12-17,39036.5
07-12-17,39130.24
08-12-17,39089.51
11-12-17,39136.7
12-12-17,39038.41
13-12-17,38709.56
14-12-17,38897.93
15-12-17,39397.8
18-12-17,39642.26
19-12-17,39805.39
20-12-17,39873.44
21-12-17,39813.22
22-12-17,39795.54
27-12-17,39721.27
28-12-17,39722.85
29-12-17,39643.35
03-01-18,40362.29
04-01-18,40343.56
05-01-18,40569.12
08-01-18,40820.84
09-01-18,41197.12
10-01-18,41525.5
11-01-18,41864.19
12-01-18,41828.75
15-01-18,41938.49
16-01-18,42105.48
17-01-18,42264.64
18-01-18,42364.75
19-01-18,42600.21
22-01-18,42708.72
23-01-18,43017.51
25-01-18,42927.69
26-01-18,42953.34
29-01-18,43541.57
30-01-18,42936.84
31-01-18,43056.33
01-02-18,42491.67
02-02-18,42162.1
05-02-18,42060.18
06-02-18,41061.64
07-02-18,40808.08
08-02-18,40817.15
09-02-18,40733.74
12-02-18,40950.46
13-02-18,41137.83
14-02-18,41420.71
15-02-18,41595.55
16-02-18,41779.95
19-02-18,41845.61
20-02-18,41896.21
21-02-18,41498.68
22-02-18,41461.05
23-02-18,41566.63
26-02-18,41632.4
27-02-18,41937.46
28-02-18,41958.47
01-03-18,42091.99
02-03-18,41622.4
05-03-18,42075.35
06-03-18,42077.24
07-03-18,41946.15
08-03-18,41827.29
09-03-18,41764.67
12-03-18,41556.84
13-03-18,41530.67
14-03-18,41619.3
15-03-18,41671.33
16-03-18,41674.21
19-03-18,41549.36
20-03-18,41696.39
21-03-18,41661.31
22-03-18,41246.48
23-03-18,41184.97
26-03-18,41024.59
27-03-18,40982.46
28-03-18,40772.58
29-03-18,40634.51
30-03-18,40735.57
02-04-18,40741.78
03-04-18,40776.94
04-04-18,40562.36
05-04-18,40940.15
10-04-18,40957.9
11-04-18,40751.4
12-04-18,40745.36
13-04-18,40524.16
16-04-18,40410.3
17-04-18,40444.68
18-04-18,40345.59
19-04-18,40008.43
20-04-18,40107.27
23-04-18,40143.01
24-04-18,40166.85
25-04-18,39962.72
26-04-18,39871.9
27-04-18,39557.63
30-04-18,39369.48
02-05-18,39111.39
03-05-18,38543.27
04-05-18,38711.05
07-05-18,38784.73
08-05-18,38759.31
09-05-18,39040.51
10-05-18,39182.67
11-05-18,39198.9
14-05-18,38757.39
15-05-18,38447.29
16-05-18,38670.28
17-05-18,38563.68
18-05-18,38165.1
21-05-18,37779.07
22-05-18,38109.46
23-05-18,38134.51
24-05-18,37973.24
25-05-18,37912.36
29-05-18,37612.38
30-05-18,37014.14
31-05-18,36902.97
04-06-18,37174.67
05-06-18,37282.71
06-06-18,37150.48
07-06-18,37014.93
08-06-18,36588.82
11-06-18,36503.35
12-06-18,36484.99
13-06-18,38425.08
14-06-18,37846.5
15-06-18,37969.46
18-06-18,37746.8
19-06-18,37415.09
20-06-18,37265.36
21-06-18,37289.71
22-06-18,37145.15
25-06-18,37394.63
26-06-18,37582.33
27-06-18,37597
28-06-18,37650.74
29-06-18,37685.16
02-07-18,37535.43
03-07-18,37716.24
04-07-18,37300.39
05-07-18,37470.24
06-07-18,37647.11
09-07-18,37497.51
10-07-18,37536.52
11-07-18,37651.96
12-07-18,37724.83
13-07-18,37821.58
16-07-18,37910
17-07-18,37744.42
18-07-18,37615.33
19-07-18,37416.8
20-07-18,37581.02
23-07-18,37681.44
24-07-18,37553.35
25-07-18,37627.82
26-07-18,37732.88
27-07-18,37835.44
30-07-18,37923.29
31-07-18,37755.52
01-08-18,37613.14
02-08-18,37798.62
03-08-18,37989.98
06-08-18,37940.95
07-08-18,37956.66
08-08-18,37865.82
09-08-18,38097.64
10-08-18,38066.56
13-08-18,37925.7
14-08-18,37854.89
16-08-18,37745.87
17-08-18,37807.81
20-08-18,38023.24
21-08-18,37877.03
22-08-18,38035.54
23-08-18,38162.39
24-08-18,38566.93
27-08-18,38708.46
28-08-18,38541.97
29-08-18,38562.53
30-08-18,38572.73
31-08-18,38421.74
03-09-18,38315.17
04-09-18,38298.92
05-09-18,38078.59
06-09-18,37938.39
07-09-18,37955.9
10-09-18,37729.81
11-09-18,37693.23
12-09-18,37566.99
13-09-18,37476.72
14-09-18,37393.9
17-09-18,37109.35
18-09-18,37146.09
19-09-18,37090.82
20-09-18,36928.51
21-09-18,37054.38
24-09-18,37158.12
25-09-18,37014.2
26-09-18,36984.55
27-09-18,36920.86
28-09-18,36696.26
01-10-18,36864.74
02-10-18,36853.42
03-10-18,36757.37
04-10-18,36693.11
05-10-18,36869.85
08-10-18,36720.59
09-10-18,36656.49
10-10-18,36724.87
11-10-18,36416.31
12-10-18,36472.66
15-10-18,36835.07
16-10-18,36987.3
17-10-18,37190.27
18-10-18,36802.77
19-10-18,36984.95
22-10-18,36926.6
23-10-18,36613.15
24-10-18,36766.96
25-10-18,36390.33
26-10-18,36064.73
29-10-18,36181.1
30-10-18,35973.43
31-10-18,35982.58
01-11-18,36241.38
02-11-18,35989.29
05-11-18,36052.21
06-11-18,37443.95
07-11-18,36942.62
08-11-18,36359.51
09-11-18,36844.04
12-11-18,36724
13-11-18,36693
14-11-18,36939.61
15-11-18,36784.2
16-11-18,36581.38
19-11-18,36457.42
20-11-18,36207.11
21-11-18,36144.32
22-11-18,36005.91
23-11-18,36259.31
26-11-18,36086.13
27-11-18,36443.54
28-11-18,36315.83
29-11-18,36631.85
03-12-18,36797.2
04-12-18,36945.01
05-12-18,36576.56
06-12-18,36332.26
07-12-18,36496.09
10-12-18,36265.41
11-12-18,36602.18
12-12-18,36375.14
13-12-18,36617.5
14-12-18,36736.5
17-12-18,36673.84
18-12-18,36292.99
19-12-18,34229.57
20-12-18,33978.68
21-12-18,32753.97
24-12-18,34456.15
27-12-18,34506.98
28-12-18,34293.17
31-12-18,34636.37
03-01-19,34570.93
04-01-19,35379.2
07-01-19,35480.53
08-01-19,34905.86
09-01-19,35060.13
10-01-19,34967.46
11-01-19,34702.01
14-01-19,33767.62
15-01-19,33646.11
16-01-19,33816.77
17-01-19,34331.6
18-01-19,34295.74
21-01-19,33762.3
22-01-19,33713.23
23-01-19,33753.61
25-01-19,33280.25
28-01-19,33423.85
29-01-19,33416.09
30-01-19,33311.15
31-01-19,33287.08
01-02-19,33142.41
04-02-19,33827.92
05-02-19,34398.97
06-02-19,34280.42
07-02-19,34471.15
08-02-19,34615.91
11-02-19,34133.23
12-02-19,34147.73
13-02-19,34769.76
14-02-19,34769.04
15-02-19,35169.46
18-02-19,35099.25
19-02-19,35161.88
20-02-19,35024.81
21-02-19,35159.75
22-02-19,35263.84
25-02-19,35242.61
26-02-19,35230.14
27-02-19,34845.71
28-02-19,35054.05
01-03-19,34953.76
04-03-19,35262.48
05-03-19,35212.96
06-03-19,35557.15
07-03-19,35597.44
08-03-19,35612.25
11-03-19,35816.16
12-03-19,35771.22
13-03-19,35786.32
14-03-19,35636.34
15-03-19,35740.33
18-03-19,35764.84
19-03-19,35705.13
20-03-19,35761.09
21-03-19,35887.6
22-03-19,35697.86
25-03-19,35271
26-03-19,35453.55
27-03-19,35756.77
28-03-19,35698.4
29-03-19,35768.47
01-04-19,35939.43
02-04-19,35664.69
03-04-19,35945.31
04-04-19,35990.45
05-04-19,36096.05
08-04-19,35993.05
09-04-19,36142.49
10-04-19,36121.78
11-04-19,36346.89
12-04-19,35824.14
15-04-19,35884.84
16-04-19,35797.19
17-04-19,35966.47
18-04-19,35973.51
19-04-19,36203.16
22-04-19,36130.19
23-04-19,36051.33
24-04-19,36212.9
25-04-19,36298.91
30-04-19,36312.72
02-05-19,36455.26
03-05-19,36420.43
06-05-19,35890.89
07-05-19,36034.37
08-05-19,35674.12
09-05-19,35925.52
10-05-19,36096.49
13-05-19,35847.83
14-05-19,35597.92
15-05-19,35827.91
16-05-19,35846.36
17-05-19,35985.58
20-05-19,35842.89
21-05-19,35693.27
22-05-19,35867.66
23-05-19,35727.53
24-05-19,35662.25
27-05-19,35371.76
28-05-19,35901.02
29-05-19,36068.02
30-05-19,37393.58
31-05-19,38155.07
03-06-19,38796.28
04-06-19,38439.46
05-06-19,38893.67
06-06-19,38873.61
07-06-19,37835.23
10-06-19,37925.64
11-06-19,38079.08
12-06-19,38320.23
13-06-19,38310.12
14-06-19,38228.11
18-06-19,38172.42
19-06-19,38354.95
20-06-19,38527.88
21-06-19,38696.58
24-06-19,38191.35
25-06-19,38272.79
26-06-19,38451.13
27-06-19,38659.61
28-06-19,38801.36
01-07-19,38613.4
02-07-19,38987.83
03-07-19,39118.74
04-07-19,39699.93
05-07-19,39504.37
08-07-19,39239.95
09-07-19,39542.88
10-07-19,39600.58
11-07-19,39689.72
12-07-19,39952.16
15-07-19,40284.26
16-07-19,39967.23
17-07-19,39803.21
18-07-19,39688.64
19-07-19,40159.41
22-07-19,39868.88
23-07-19,39851.3
24-07-19,39684.15
25-07-19,39833.6
26-07-19,39885.53
29-07-19,39930.83
30-07-19,39921.25
31-07-19,40087.56
01-08-19,40088.84
02-08-19,39856.04
05-08-19,39811.91
06-08-19,39942.02
07-08-19,40173.09
08-08-19,40547.79
09-08-19,40614.38
12-08-19,40231.41
13-08-19,40397.88
14-08-19,40319.95
16-08-19,40121.16
19-08-19,39955.24
20-08-19,39980.59
21-08-19,40435.89
22-08-19,40396.88
23-08-19,40342.07
26-08-19,40237.26
27-08-19,40663.98
28-08-19,40869.04
29-08-19,40912.85
30-08-19,40989.65
02-09-19,40826.86
03-09-19,40518.93
04-09-19,40544.53
05-09-19,40496.66
06-09-19,40429.49
09-09-19,40254.77
10-09-19,41424.58
11-09-19,41218.85
12-09-19,41234.3
13-09-19,41194.04
16-09-19,41298.12
17-09-19,41340.1
18-09-19,41694.57
19-09-19,41962.18
20-09-19,42537.52
23-09-19,42725.43
24-09-19,42321.89
25-09-19,42340.36
26-09-19,42446.43
27-09-19,42595.22
30-09-19,42610.45
01-10-19,42400.9
02-10-19,41620.23
03-10-19,41753.2
04-10-19,41787.39
07-10-19,42054.11
08-10-19,41850.28
09-10-19,41933.78
10-10-19,41968.45
11-10-19,42036
14-10-19,41894.61
15-10-19,41962.71
16-10-19,41901.14
17-10-19,42155.17
18-10-19,42145.33
21-10-19,42181.76
22-10-19,42116.37
23-10-19,42332.29
24-10-19,42290.25
25-10-19,42612.18
28-10-19,42538.78
29-10-19,42559.05
30-10-19,42387.57
31-10-19,42226.3
01-11-19,42456.65
04-11-19,42520.32
05-11-19,42618.9
06-11-19,42561.37
07-11-19,42828.92
08-11-19,43160
11-11-19,43034.77
12-11-19,42784.82
13-11-19,42950.48
14-11-19,42929.21
15-11-19,43380.98
18-11-19,43763.6
19-11-19,44021
20-11-19,44590.15
21-11-19,44809.75
22-11-19,45938.16
25-11-19,45980.96
26-11-19,45713.14
27-11-19,47136.19
28-11-19,46953.75
29-11-19,46979.89
02-12-19,46613.37
03-12-19,46203.79
04-12-19,46691.88
05-12-19,46671.1
06-12-19,46796.64
09-12-19,46448.93
10-12-19,46340.59
11-12-19,46145.4
12-12-19,46331.26
13-12-19,46448.74
16-12-19,46507.23
17-12-19,46628.11
18-12-19,46510.05
19-12-19,46582.74
20-12-19,46998.87
23-12-19,47211.5
27-12-19,47344.74
30-12-19,47546.89
03-01-20,47285.4
06-01-20,47241.5
07-01-20,47155.65
08-01-20,47313.17
09-01-20,47608.13
10-01-20,47993.05
13-01-20,49080.81
14-01-20,49145.01
15-01-20,49523.35
16-01-20,49920.57
17-01-20,50811.11
20-01-20,51704.46
21-01-20,51767.31
22-01-20,51891.09
23-01-20,52011.8
27-01-20,51532.75
28-01-20,51857.45
29-01-20,51423.45
30-01-20,51033.35
31-01-20,51253.26
03-02-20,50952.17
04-02-20,51071.18
05-02-20,51174.56
06-02-20,51445.33
07-02-20,51381.35
10-02-20,51431.51
11-02-20,51383.67
12-02-20,51327.27
13-02-20,51550.41
14-02-20,51862.14
17-02-20,51701.78
18-02-20,51552.23
19-02-20,51700.48
20-02-20,51821.61
21-02-20,51906.89
24-02-20,50645.7
25-02-20,49969.59
26-02-20,49603.3
27-02-20,47756.35
28-02-20,45572.4
02-03-20,47393.54
03-03-20,48667.37
04-03-20,48672.62
05-03-20,48142.21
06-03-20,46955.19
09-03-20,43303.74
10-03-20,43656.3
11-03-20,42180.45
12-03-20,40759.37
13-03-20,39616.5
16-03-20,36005.56
17-03-20,39934.07
18-03-20,38499.11
19-03-20,39048.13
20-03-20,38515.27
23-03-20,37565.91
24-03-20,39939.83
25-03-20,39484.27
26-03-20,39106.1
27-03-20,38726.84
30-03-20,38579.59
31-03-20,39441.94
01-04-20,38194.29
02-04-20,38204.37
03-04-20,38020.73
06-04-20,38979.01
07-04-20,39922.11
08-04-20,39627.79
09-04-20,40195.83
10-04-20,41321.8
13-04-20,41219.88
14-04-20,41347.16
15-04-20,40074.7
16-04-20,39974.42
21-04-20,39380.94
22-04-20,39925.24
23-04-20,39915.21
24-04-20,40188.33
27-04-20,40334.48
28-04-20,40865.83
29-04-20,40945.47
30-04-20,40419.36
04-05-20,40275.49
05-05-20,40630.82
06-05-20,40668.88
07-05-20,41047.06
08-05-20,41912.96
11-05-20,42340.64
12-05-20,42014.36
13-05-20,42132.27
14-05-20,41701.57
15-05-20,42184.28
18-05-20,41890.29
19-05-20,42146.87
20-05-20,42090.19
21-05-20,42703.32
22-05-20,43129.04
25-05-20,44320.56
26-05-20,44542.79
27-05-20,44582.06
28-05-20,44585.5
29-05-20,44087.07
02-06-20,44015.52
03-06-20,44148.36
04-06-20,44301.12
05-06-20,43968.98
09-06-20,43119.98
10-06-20,43306.57
11-06-20,42129.22
12-06-20,42707.44
15-06-20,42270.16
16-06-20,42967.74
17-06-20,42673.12
18-06-20,42664.81
19-06-20,42928.9
22-06-20,42653.5
23-06-20,42659.06
24-06-20,42354.25
25-06-20,42252.99
26-06-20,42512.34
29-06-20,42303.96
30-06-20,42838.26
01-07-20,42734.33
02-07-20,42980.25
03-07-20,42916.8
06-07-20,42529.37
07-07-20,42360.53
08-07-20,42274.6
09-07-20,42016.76
10-07-20,41367.81
13-07-20,41420.45
14-07-20,41292.39
15-07-20,41110.62
16-07-20,41105.48
17-07-20,41602.77
20-07-20,41865.73
21-07-20,42023.86
22-07-20,42279.11
23-07-20,42268.24
24-07-20,42368.28
27-07-20,42458.91
28-07-20,42485.98
29-07-20,42271.38
30-07-20,41824.3
31-07-20,42146.06
03-08-20,41958.49
04-08-20,42304.04
05-08-20,41990.48
06-08-20,41955.87
07-08-20,41674.52
10-08-20,41956.55
11-08-20,42522.01
12-08-20,42272.03
13-08-20,42393.12
14-08-20,42124.11
17-08-20,42170.83
18-08-20,42364.77
19-08-20,42246.56
20-08-20,42063.47
21-08-20,42017.35
24-08-20,42203.12
25-08-20,42052.03
26-08-20,41908.51
27-08-20,42315.21
28-08-20,42233.96
31-08-20,41889.21
01-09-20,41878.18
02-09-20,41961.41
03-09-20,41932.43
04-09-20,42032.61
07-09-20,41963.1
08-09-20,42161.28
09-09-20,41927.81
10-09-20,42292.23
11-09-20,42751.32
14-09-20,42880.33
15-09-20,43003.84
16-09-20,42923.7
17-09-20,42902.31
18-09-20,42806.11
21-09-20,41988.96
22-09-20,42521.24
23-09-20,42706.63
24-09-20,42703.77
25-09-20,42537.47
28-09-20,42560.35
29-09-20,42427.82
30-09-20,42053
01-10-20,42217.16
02-10-20,42058.75
05-10-20,41612.33
06-10-20,41557.18
07-10-20,41572.64
08-10-20,41767.63
09-10-20,41262.45
12-10-20,41003.03
13-10-20,40898.5
14-10-20,40414.79
15-10-20,39606.1
16-10-20,40179.03
19-10-20,39843.39
20-10-20,39585.5
21-10-20,39417.53
22-10-20,39723.1
23-10-20,39810.61
26-10-20,39692.99
27-10-20,39707.13
28-10-20,39508.07
29-10-20,38886.29
30-10-20,39080.17
02-11-20,39212.33
03-11-20,39284.9
04-11-20,39332.46
05-11-20,39351.1
06-11-20,39283.18
09-11-20,39873.8
10-11-20,39714.13
11-11-20,39713.17
12-11-20,39678.97
13-11-20,39504.69
16-11-20,39154.12
17-11-20,39027.27
18-11-20,39390.09
19-11-20,39496.37
20-11-20,39470.17
23-11-20,39537.54
24-11-20,39706.86
25-11-20,39340.02
26-11-20,39545.84
27-11-20,39290.77
02-12-20,39698.9
03-12-20,40045.01
04-12-20,40066.82
07-12-20,40148.16
08-12-20,40005.09
09-12-20,40320.29
10-12-20,40397.53
11-12-20,40507.53
14-12-20,40496.93
15-12-20,40632.61
16-12-20,42045.24
17-12-20,43035.75
18-12-20,42537.21
21-12-20,42159.24
22-12-20,42565.26
23-12-20,42751.41
28-12-20,43030.56
29-12-20,42887.89
30-12-20,43077.92
04-01-21,42819.05
05-01-21,42777.06
06-01-21,43160.68
07-01-21,43251.51
08-01-21,43791.99
11-01-21,43714.73
12-01-21,43710.85
13-01-21,43964.21
14-01-21,44118.39
15-01-21,44115.27
18-01-21,44202.68
19-01-21,44017.23
20-01-21,44226.38
21-01-21,44601.97
22-01-21,44718.54
25-01-21,44659.21
26-01-21,44692.61
27-01-21,44535.08
28-01-21,44665.75
29-01-21,45128.61
01-02-21,45210.53
02-02-21,45568.88
03-02-21,45254.73
04-02-21,45571.6
05-02-21,46187.37
08-02-21,46059.26
09-02-21,46697.58
10-02-21,46358.62
11-02-21,46558.21
12-02-21,46508.41
15-02-21,46485.2
16-02-21,46397.44
17-02-21,46056.97
18-02-21,45998.62
19-02-21,45787.03
22-02-21,45896.91
23-02-21,45490.08
24-02-21,46606.53
25-02-21,46581.37
26-02-21,46504.71
01-03-21,46724.06
02-03-21,46650.32
03-03-21,46981.37
04-03-21,47325.94
05-03-21,47474.17
08-03-21,47688.89
09-03-21,47594.69
10-03-21,47547.23
11-03-21,47709.87
12-03-21,48259.15
15-03-21,48328.16
16-03-21,48502.65
17-03-21,48526.2
18-03-21,48034.37
19-03-21,48204.49
22-03-21,48130.57
23-03-21,47877.41
24-03-21,47556.38
25-03-21,47611.67
26-03-21,47828.3
29-03-21,48144.39
30-03-21,47953.32
31-03-21,48618.43
01-04-21,48672.02
02-04-21,48662.13
05-04-21,48510.33
06-04-21,48391.54
07-04-21,48153.55
08-04-21,48173.94
09-04-21,48621.17
12-04-21,48559.84
13-04-21,48318.83
14-04-21,48250.24
15-04-21,47987.77
16-04-21,48306.86
19-04-21,48016.93
20-04-21,48146.69
21-04-21,47837.12
22-04-21,47915.64
23-04-21,48055.21
26-04-21,47833.17
27-04-21,48281.89
28-04-21,48459.43
29-04-21,48468.91
04-05-21,48880.51
05-05-21,49193.56
06-05-21,48897.55
07-05-21,49300.53
10-05-21,49336.67
11-05-21,49452.13
12-05-21,49969.74
13-05-21,49755.05
14-05-21,49656.35
17-05-21,49592.51
18-05-21,49285.32
19-05-21,49183.91
20-05-21,49405.53
21-05-21,49430.69
24-05-21,48987.89
25-05-21,48782.14
26-05-21,48978.06
27-05-21,48905.7
28-05-21,48442.23
31-05-21,48457.47
02-06-21,49551.34
03-06-21,49883.04
04-06-21,49544.15
07-06-21,49977.67
08-06-21,50103.61
09-06-21,50592.41
10-06-21,51362.59
11-06-21,51351.85
14-06-21,52090.45
15-06-21,52163.95
16-06-21,52019.25
17-06-21,52041.21
18-06-21,51354.56
22-06-21,51609.32
23-06-21,51391.05
24-06-21,51473.47
25-06-21,52040.13
28-06-21,52487.92
29-06-21,52537.08
30-06-21,52716.04
01-07-21,53100.74
02-07-21,52652.45
05-07-21,53134.26
06-07-21,53399.98
07-07-21,53502.15
08-07-21,52943.33
09-07-21,53089.71
12-07-21,52950.48
13-07-21,52704.34
14-07-21,53057.39
15-07-21,52937.22
16-07-21,52896.01
19-07-21,52185.64
20-07-21,52022.33
21-07-21,52673.17
22-07-21,52274.75
23-07-21,52111.21
26-07-21,52090.88
27-07-21,51825.12
28-07-21,51700.07
29-07-21,51644.85
30-07-21,51845.12
02-08-21,52237.16
03-08-21,51559.37
04-08-21,51729.78
05-08-21,51342.85
06-08-21,51185.5
09-08-21,51295.39
10-08-21,51193.65
11-08-21,51346.97
12-08-21,51713.49
13-08-21,51652.71
16-08-21,51621.18
17-08-21,51660.13
18-08-21,51606.47
19-08-21,51601.03
20-08-21,51718.76
23-08-21,51497.19
24-08-21,51531.16
25-08-21,51638.62
26-08-21,51711.01
27-08-21,51746.87
30-08-21,51595.66
31-08-21,51512.38
01-09-21,51670.54
02-09-21,51242.27
03-09-21,51312.71
06-09-21,51171.99
07-09-21,50672.69
08-09-21,52335.39
09-09-21,52551.91
10-09-21,52925.61
13-09-21,52679.23
14-09-21,52410.83
15-09-21,51801.79
16-09-21,51794.59
17-09-21,52075.48
20-09-21,52037.68
21-09-21,52321.34
22-09-21,53087.45
23-09-21,53224.74
24-09-21,52990.51
27-09-21,53135.73
28-09-21,52638.03
29-09-21,53263.98
30-09-21,53280.32
01-10-21,53306.87
04-10-21,53016.26
05-10-21,53216.46
06-10-21,53362.43
07-10-21,53421.45
08-10-21,53457.54
11-10-21,53143.9
12-10-21,52837.27
13-10-21,53361.47
14-10-21,53073.97
15-10-21,53412.67
18-10-21,53325.36
19-10-21,53253.47
20-10-21,52901.48
21-10-21,52693.25
22-10-21,52716.17
25-10-21,52596.86
26-10-21,52473.05
27-10-21,52343.53
28-10-21,52390.31
29-10-21,51259.2
01-11-21,51534.11
02-11-21,51696.55
03-11-21,51963.85
04-11-21,52140.03
05-11-21,51740.2
08-11-21,51825.22
09-11-21,51555.62
10-11-21,51818.19
11-11-21,51829.92
12-11-21,51851.76
15-11-21,52038.2
16-11-21,52130.2
17-11-21,52228.22
18-11-21,52143.32
19-11-21,51705.29
22-11-21,52106.62
23-11-21,51804.83
24-11-21,51775.1
25-11-21,51777.2
26-11-21,50822.58
29-11-21,51272.92
02-12-21,51336.3
03-12-21,51526.46
06-12-21,51565.19
07-12-21,51616.53
08-12-21,52104.47
09-12-21,51779.03
10-12-21,51464.13
13-12-21,51351.29
14-12-21,50984.04
15-12-21,50834.26
16-12-21,51111.75
17-12-21,51278.9
20-12-21,50952.89
21-12-21,50882.94
22-12-21,51118.25
23-12-21,51251.39
27-12-21,51533.51
28-12-21,51800.3
29-12-21,51896.28
30-12-21,52157.9
03-01-22,52192.55
04-01-22,52279.81
05-01-22,52055.65
06-01-22,52016.22
07-01-22,52082.81
10-01-22,52434.88
11-01-22,52436.53
12-01-22,52422.89
13-01-22,52670.26
14-01-22,53452.43
17-01-22,52342.55
18-01-22,52265.73
19-01-22,52139.95
20-01-22,52509.77
21-01-22,51881
25-01-22,51535.44
26-01-22,52116.31
27-01-22,51804.72
28-01-22,51775.09
31-01-22,51846.85
01-02-22,52158.86
02-02-22,52235.59
03-02-22,52206.19
04-02-22,52180.6
07-02-22,51963.5
08-02-22,51611.06
09-02-22,52086.5
10-02-22,52207.73
11-02-22,52412.22
14-02-22,50881.33
15-02-22,51674.62
16-02-22,51329.98
17-02-22,50923.76
18-02-22,50751.76
21-02-22,50275.18
22-02-22,50531.16
23-02-22,51357.43
24-02-22,48996.97
25-02-22,50078.36
28-02-22,49218.22
01-03-22,48562.22
02-03-22,48218.71
03-03-22,49118.92
04-03-22,47364.61
07-03-22,45196.83
08-03-22,46410.61
09-03-22,47702.76
10-03-22,47986.8
11-03-22,48185.14
14-03-22,49073.41
15-03-22,49009.65
16-03-22,49395.36
17-03-22,49395.28
18-03-22,50235.99
21-03-22,50101.04
22-03-22,49948.23
23-03-22,50012.3
24-03-22,49967.44
25-03-22,49726.83
28-03-22,49651.4
29-03-22,50191.29
30-03-22,50259.31
31-03-22,50616.22
01-04-22,50843.66
04-04-22,51241.87
05-04-22,51181.93
06-04-22,50896.9
07-04-22,50918.25
08-04-22,50838.46
11-04-22,50881.69
12-04-22,50548.42
13-04-22,50742.05
14-04-22,51004.25
15-04-22,51012.17
18-04-22,51024.57
19-04-22,50747.13
20-04-22,51120.26
21-04-22,51160.34
26-04-22,50357.49
27-04-22,50223.05
28-04-22,50363.09
29-04-22,50265.31
02-05-22,50537.17
03-05-22,50641.39
04-05-22,49800.38
05-05-22,50462.78
06-05-22,49716.7
09-05-22,49452.3
10-05-22,49025.68
11-05-22,49305.44
12-05-22,49267.85
13-05-22,49644.7
16-05-22,50152.9
17-05-22,49716.17
18-05-22,49649.33
19-05-22,49292.85
20-05-22,49327.73
23-05-22,49600.53
24-05-22,49622
25-05-22,49249.36
26-05-22,49283.53
27-05-22,49186.17
30-05-22,49192.45
31-05-22,49715.05
02-06-22,48946.19
03-06-22,49172.77
06-06-22,49266.46
07-06-22,49151.51
08-06-22,48916.72
09-06-22,49094.9
10-06-22,49039.52
14-06-22,49048.69
15-06-22,48925.47
16-06-22,49383.08
17-06-22,49672.02
20-06-22,49844.21
21-06-22,50551.63
22-06-22,50151.26
23-06-22,49325.73
24-06-22,51019.08
27-06-22,51341.59
28-06-22,51499.44
29-06-22,51190.16
30-06-22,50404.64
01-07-22,50107.35
04-07-22,50458.72
05-07-22,49945.38
06-07-22,50470.17
07-07-22,51193.99
08-07-22,51291.33
11-07-22,50602.35
12-07-22,50803.29
13-07-22,50485.16
14-07-22,50207.76
15-07-22,49870.59
18-07-22,50163.1
19-07-22,50025.39
20-07-22,50980.75
21-07-22,50498.7
22-07-22,50427.03
25-07-22,50234.71
26-07-22,49932.64
27-07-22,49779.49
28-07-22,50016.03
29-07-22,50092.19
01-08-22,49588.85
02-08-22,49611.02
03-08-22,49891.93
04-08-22,50760.38
05-08-22,50853.57
08-08-22,50827.08
09-08-22,50499.05
10-08-22,50679.37
11-08-22,50702.97
12-08-22,51102.06
16-08-22,51493.8
17-08-22,51348.31
18-08-22,51778.87
19-08-22,51447.84
22-08-22,51058.4
23-08-22,50835.21
24-08-22,51222.98
25-08-22,51200.55
26-08-22,51089.3
29-08-22,50762
30-08-22,50853.95
31-08-22,50985.04
01-09-22,50713.69
02-09-22,50977.77
05-09-22,50852.3
06-09-22,50762.65
07-09-22,50453.27
08-09-22,51498.77
09-09-22,50791.13
12-09-22,50286.86
13-09-22,50052.78
14-09-22,49954.88
15-09-22,49999.88
16-09-22,49702.88
19-09-22,48485.51
20-09-22,48951.71
